id;user_id;invoice_id;entry_type;account;amount;description;created_at;tenant_id;created_by
dc893186-68e9-4f04-9151-ad02252c1656;a24f0333-9056-4c23-893b-8acbc1c57ec1;a0c9f711-5e28-4101-a1ca-baae1618da26;debit;Cash;105600;Service receipt: OG-INV-00001;2026-04-26 07:17:36.657995+00;3af5d475-8eaa-4130-a8b5-5253b8f478f8;a24f0333-9056-4c23-893b-8acbc1c57ec1
145e57cf-ffc4-4677-a755-e28baadc75c0;a24f0333-9056-4c23-893b-8acbc1c57ec1;a0c9f711-5e28-4101-a1ca-baae1618da26;debit;Service Income;16108.47;GST extracted (incl.): OG-INV-00001;2026-04-26 07:17:36.657995+00;3af5d475-8eaa-4130-a8b5-5253b8f478f8;a24f0333-9056-4c23-893b-8acbc1c57ec1
19af7cd9-9d9d-4f36-86fa-e58677ec2766;a24f0333-9056-4c23-893b-8acbc1c57ec1;a0c9f711-5e28-4101-a1ca-baae1618da26;credit;GST Payable;16108.47;GST 18% payable: OG-INV-00001;2026-04-26 07:17:36.657995+00;3af5d475-8eaa-4130-a8b5-5253b8f478f8;a24f0333-9056-4c23-893b-8acbc1c57ec1
c6569a5f-fe7b-44f7-9fc0-baebfbeadc45;a24f0333-9056-4c23-893b-8acbc1c57ec1;a0c9f711-5e28-4101-a1ca-baae1618da26;credit;Service Income;3000;Labor: ThinkPad P14s;2026-04-26 07:17:36.657995+00;3af5d475-8eaa-4130-a8b5-5253b8f478f8;a24f0333-9056-4c23-893b-8acbc1c57ec1
06390849-b139-48da-891a-d457245fc1d0;a24f0333-9056-4c23-893b-8acbc1c57ec1;a0c9f711-5e28-4101-a1ca-baae1618da26;credit;Revenue;105600;Parts sold: OG-JOB-00002;2026-04-26 07:17:36.657995+00;3af5d475-8eaa-4130-a8b5-5253b8f478f8;a24f0333-9056-4c23-893b-8acbc1c57ec1
778b8aa7-fbbf-4412-9a6b-0b2211ae0556;a24f0333-9056-4c23-893b-8acbc1c57ec1;a0c9f711-5e28-4101-a1ca-baae1618da26;debit;COGS;50976;Parts cost: OG-JOB-00002;2026-04-26 07:17:36.657995+00;3af5d475-8eaa-4130-a8b5-5253b8f478f8;a24f0333-9056-4c23-893b-8acbc1c57ec1
87b19e4d-f2f6-42a4-834b-ef7987b3253a;a24f0333-9056-4c23-893b-8acbc1c57ec1;a0c9f711-5e28-4101-a1ca-baae1618da26;credit;Inventory;50976;Parts cost: OG-JOB-00002;2026-04-26 07:17:36.657995+00;3af5d475-8eaa-4130-a8b5-5253b8f478f8;a24f0333-9056-4c23-893b-8acbc1c57ec1
daa473ce-8166-43e3-b3fa-fddf04fb82ad;a24f0333-9056-4c23-893b-8acbc1c57ec1;a0c9f711-5e28-4101-a1ca-baae1618da26;debit;Discount;3000;Discount: OG-INV-00001;2026-04-26 07:17:36.657995+00;3af5d475-8eaa-4130-a8b5-5253b8f478f8;a24f0333-9056-4c23-893b-8acbc1c57ec1
e2cf0eee-85aa-4fdb-8da4-658c6afb9c6a;a24f0333-9056-4c23-893b-8acbc1c57ec1;a0c9f711-5e28-4101-a1ca-baae1618da26;credit;Cash;3000;Discount: OG-INV-00001;2026-04-26 07:17:36.657995+00;3af5d475-8eaa-4130-a8b5-5253b8f478f8;a24f0333-9056-4c23-893b-8acbc1c57ec1
39baa528-c73f-429e-92fc-ed7f5ed961c1;a24f0333-9056-4c23-893b-8acbc1c57ec1;b7a4fa09-4600-444f-a869-2785501e532a;debit;Cash;999;Service receipt: OG-INV-00002;2026-04-26 10:10:01.302289+00;3af5d475-8eaa-4130-a8b5-5253b8f478f8;a24f0333-9056-4c23-893b-8acbc1c57ec1
63c9ea2f-951b-458f-8bf3-d23fc09d7888;a24f0333-9056-4c23-893b-8acbc1c57ec1;b7a4fa09-4600-444f-a869-2785501e532a;credit;Service Income;999;Labor: ThinkPad;2026-04-26 10:10:01.302289+00;3af5d475-8eaa-4130-a8b5-5253b8f478f8;a24f0333-9056-4c23-893b-8acbc1c57ec1
a80fe812-10f9-40b7-a8f6-27a58c8fec65;a24f0333-9056-4c23-893b-8acbc1c57ec1;9382ce0e-2f1d-48e1-81df-abc35c64a6b9;debit;Cash;8200;Service receipt: OG-INV-00003;2026-04-27 15:19:36.429466+00;3af5d475-8eaa-4130-a8b5-5253b8f478f8;a24f0333-9056-4c23-893b-8acbc1c57ec1
d7e70609-b44a-4684-afca-f4e3f127b243;a24f0333-9056-4c23-893b-8acbc1c57ec1;9382ce0e-2f1d-48e1-81df-abc35c64a6b9;credit;Revenue;8200;Parts sold: OG-JOB-00003;2026-04-27 15:19:36.429466+00;3af5d475-8eaa-4130-a8b5-5253b8f478f8;a24f0333-9056-4c23-893b-8acbc1c57ec1
6fb68657-39db-45be-b1aa-fdad41c19bbc;a24f0333-9056-4c23-893b-8acbc1c57ec1;9382ce0e-2f1d-48e1-81df-abc35c64a6b9;debit;COGS;3540;Parts cost: OG-JOB-00003;2026-04-27 15:19:36.429466+00;3af5d475-8eaa-4130-a8b5-5253b8f478f8;a24f0333-9056-4c23-893b-8acbc1c57ec1
81d6e5ea-4f4f-41bd-a21e-ad2ca07baa4f;a24f0333-9056-4c23-893b-8acbc1c57ec1;9382ce0e-2f1d-48e1-81df-abc35c64a6b9;credit;Inventory;3540;Parts cost: OG-JOB-00003;2026-04-27 15:19:36.429466+00;3af5d475-8eaa-4130-a8b5-5253b8f478f8;a24f0333-9056-4c23-893b-8acbc1c57ec1
a27b61d3-4f6c-4039-9db1-9b9104801136;a24f0333-9056-4c23-893b-8acbc1c57ec1;121f864d-dd33-47f2-8e83-1b72fd758259;debit;Cash;900;Service receipt: OG-INV-00004;2026-04-27 15:29:13.415252+00;3af5d475-8eaa-4130-a8b5-5253b8f478f8;a24f0333-9056-4c23-893b-8acbc1c57ec1
6b5fa89f-46fc-4e13-b8d3-7f26fd06e71b;a24f0333-9056-4c23-893b-8acbc1c57ec1;121f864d-dd33-47f2-8e83-1b72fd758259;debit;Service Income;137.29;GST extracted (incl.): OG-INV-00004;2026-04-27 15:29:13.415252+00;3af5d475-8eaa-4130-a8b5-5253b8f478f8;a24f0333-9056-4c23-893b-8acbc1c57ec1
2f7ac088-317b-4bed-9e70-aac255afffe4;a24f0333-9056-4c23-893b-8acbc1c57ec1;121f864d-dd33-47f2-8e83-1b72fd758259;credit;GST Payable;137.29;GST 18% payable: OG-INV-00004;2026-04-27 15:29:13.415252+00;3af5d475-8eaa-4130-a8b5-5253b8f478f8;a24f0333-9056-4c23-893b-8acbc1c57ec1
2f99f64c-1f1c-4fda-a2fb-3bc1ca449f41;a24f0333-9056-4c23-893b-8acbc1c57ec1;121f864d-dd33-47f2-8e83-1b72fd758259;credit;Service Income;999;Labor: MacBook;2026-04-27 15:29:13.415252+00;3af5d475-8eaa-4130-a8b5-5253b8f478f8;a24f0333-9056-4c23-893b-8acbc1c57ec1
ccc862b0-7fb8-42d4-a01c-cb814e58f38d;a24f0333-9056-4c23-893b-8acbc1c57ec1;121f864d-dd33-47f2-8e83-1b72fd758259;debit;Discount;99;Discount: OG-INV-00004;2026-04-27 15:29:13.415252+00;3af5d475-8eaa-4130-a8b5-5253b8f478f8;a24f0333-9056-4c23-893b-8acbc1c57ec1
23d33288-e387-4d7c-b3f6-83ec3d5d1311;a24f0333-9056-4c23-893b-8acbc1c57ec1;121f864d-dd33-47f2-8e83-1b72fd758259;credit;Cash;99;Discount: OG-INV-00004;2026-04-27 15:29:13.415252+00;3af5d475-8eaa-4130-a8b5-5253b8f478f8;a24f0333-9056-4c23-893b-8acbc1c57ec1
fa39814c-05d4-41b4-b0ef-394b92503cbc;a24f0333-9056-4c23-893b-8acbc1c57ec1;3005c698-e625-4e04-9785-900c94c8d0e4;debit;Cash;2300;Service receipt: OG-INV-00005;2026-04-28 14:26:20.574307+00;3af5d475-8eaa-4130-a8b5-5253b8f478f8;a24f0333-9056-4c23-893b-8acbc1c57ec1
992ba921-0e9d-46d6-9207-0d6eea99346a;a24f0333-9056-4c23-893b-8acbc1c57ec1;3005c698-e625-4e04-9785-900c94c8d0e4;credit;Revenue;2300;Parts sold: OG-JOB-00005;2026-04-28 14:26:20.574307+00;3af5d475-8eaa-4130-a8b5-5253b8f478f8;a24f0333-9056-4c23-893b-8acbc1c57ec1
3989a7ec-6c79-4cc4-b9ff-69d1cdf63ddb;a24f0333-9056-4c23-893b-8acbc1c57ec1;3005c698-e625-4e04-9785-900c94c8d0e4;debit;COGS;1652;Parts cost: OG-JOB-00005;2026-04-28 14:26:20.574307+00;3af5d475-8eaa-4130-a8b5-5253b8f478f8;a24f0333-9056-4c23-893b-8acbc1c57ec1
0597cd72-3e29-4c70-806d-5ff66b819f19;a24f0333-9056-4c23-893b-8acbc1c57ec1;3005c698-e625-4e04-9785-900c94c8d0e4;credit;Inventory;1652;Parts cost: OG-JOB-00005;2026-04-28 14:26:20.574307+00;3af5d475-8eaa-4130-a8b5-5253b8f478f8;a24f0333-9056-4c23-893b-8acbc1c57ec1
de4036fc-eaa6-4551-9bac-c7ffcce82f82;a24f0333-9056-4c23-893b-8acbc1c57ec1;f279dd5b-08a5-45da-a0db-7d6a688caaba;debit;Cash;1900;Service receipt: OG-INV-00006;2026-04-28 14:31:11.631021+00;3af5d475-8eaa-4130-a8b5-5253b8f478f8;a24f0333-9056-4c23-893b-8acbc1c57ec1
675a74f4-328d-4b94-b44e-ed099670e256;a24f0333-9056-4c23-893b-8acbc1c57ec1;f279dd5b-08a5-45da-a0db-7d6a688caaba;credit;Revenue;1900;Parts sold: OG-JOB-00006;2026-04-28 14:31:11.631021+00;3af5d475-8eaa-4130-a8b5-5253b8f478f8;a24f0333-9056-4c23-893b-8acbc1c57ec1
e4c4c4ab-480a-49ed-a57a-95d2dc3a5390;a24f0333-9056-4c23-893b-8acbc1c57ec1;f279dd5b-08a5-45da-a0db-7d6a688caaba;debit;COGS;974;Parts cost: OG-JOB-00006;2026-04-28 14:31:11.631021+00;3af5d475-8eaa-4130-a8b5-5253b8f478f8;a24f0333-9056-4c23-893b-8acbc1c57ec1
62392c5a-793a-4662-a9cd-32e98fce5fcc;a24f0333-9056-4c23-893b-8acbc1c57ec1;f279dd5b-08a5-45da-a0db-7d6a688caaba;credit;Inventory;974;Parts cost: OG-JOB-00006;2026-04-28 14:31:11.631021+00;3af5d475-8eaa-4130-a8b5-5253b8f478f8;a24f0333-9056-4c23-893b-8acbc1c57ec1
eea7e3bc-d448-4bcd-a2f0-ac08e8851a65;a24f0333-9056-4c23-893b-8acbc1c57ec1;47ea3664-a0e1-43a0-abc0-fa390fffcc5f;debit;Cash;11500;Service receipt: OG-INV-00007;2026-04-28 14:38:54.768502+00;3af5d475-8eaa-4130-a8b5-5253b8f478f8;a24f0333-9056-4c23-893b-8acbc1c57ec1
ec376c5c-b3c8-4356-936a-dc1e98901a88;a24f0333-9056-4c23-893b-8acbc1c57ec1;47ea3664-a0e1-43a0-abc0-fa390fffcc5f;credit;Revenue;11500;Parts sold: OG-JOB-00007;2026-04-28 14:38:54.768502+00;3af5d475-8eaa-4130-a8b5-5253b8f478f8;a24f0333-9056-4c23-893b-8acbc1c57ec1
38991a5d-7626-4ae1-bb54-14a17809a6f6;a24f0333-9056-4c23-893b-8acbc1c57ec1;47ea3664-a0e1-43a0-abc0-fa390fffcc5f;debit;COGS;5546;Parts cost: OG-JOB-00007;2026-04-28 14:38:54.768502+00;3af5d475-8eaa-4130-a8b5-5253b8f478f8;a24f0333-9056-4c23-893b-8acbc1c57ec1
bf90c6c9-7fa9-4277-bc06-3a87959af94f;a24f0333-9056-4c23-893b-8acbc1c57ec1;47ea3664-a0e1-43a0-abc0-fa390fffcc5f;credit;Inventory;5546;Parts cost: OG-JOB-00007;2026-04-28 14:38:54.768502+00;3af5d475-8eaa-4130-a8b5-5253b8f478f8;a24f0333-9056-4c23-893b-8acbc1c57ec1
3dd427c9-d6e6-436d-b898-749190650c62;a24f0333-9056-4c23-893b-8acbc1c57ec1;95006fa5-2338-4479-8cc4-c3299cce764b;debit;Cash;122000;Sale: iPhone 17 Pro [J0LXTJ4HV9];2026-04-29 07:39:46.411746+00;3af5d475-8eaa-4130-a8b5-5253b8f478f8;a24f0333-9056-4c23-893b-8acbc1c57ec1
b91aa7bc-5a12-49c1-a7bf-990b84255935;a24f0333-9056-4c23-893b-8acbc1c57ec1;95006fa5-2338-4479-8cc4-c3299cce764b;credit;Revenue;122000;Sale: iPhone 17 Pro [J0LXTJ4HV9];2026-04-29 07:39:46.411746+00;3af5d475-8eaa-4130-a8b5-5253b8f478f8;a24f0333-9056-4c23-893b-8acbc1c57ec1
bde2e25d-a5c4-4129-b3b2-85c7fd16cb90;a24f0333-9056-4c23-893b-8acbc1c57ec1;95006fa5-2338-4479-8cc4-c3299cce764b;debit;COGS;116000;Cost: iPhone 17 Pro [J0LXTJ4HV9];2026-04-29 07:39:46.411746+00;3af5d475-8eaa-4130-a8b5-5253b8f478f8;a24f0333-9056-4c23-893b-8acbc1c57ec1
2fe04e4a-b0b5-4307-9469-6ad4205b8b45;a24f0333-9056-4c23-893b-8acbc1c57ec1;95006fa5-2338-4479-8cc4-c3299cce764b;credit;Inventory;116000;Cost: iPhone 17 Pro [J0LXTJ4HV9];2026-04-29 07:39:46.411746+00;3af5d475-8eaa-4130-a8b5-5253b8f478f8;a24f0333-9056-4c23-893b-8acbc1c57ec1
347aa9a8-9f8b-4a61-b7df-48a628830c60;a24f0333-9056-4c23-893b-8acbc1c57ec1;95006fa5-2338-4479-8cc4-c3299cce764b;debit;Revenue;18610.17;GST extracted (incl.): OG-INV-00008;2026-04-29 07:39:46.411746+00;3af5d475-8eaa-4130-a8b5-5253b8f478f8;a24f0333-9056-4c23-893b-8acbc1c57ec1
35c92ace-ed5b-47dd-a0d1-d397282a9f19;a24f0333-9056-4c23-893b-8acbc1c57ec1;95006fa5-2338-4479-8cc4-c3299cce764b;credit;GST Payable;18610.17;GST 18% payable: OG-INV-00008;2026-04-29 07:39:46.411746+00;3af5d475-8eaa-4130-a8b5-5253b8f478f8;a24f0333-9056-4c23-893b-8acbc1c57ec1
ab69a863-e1b0-4180-96ea-c117328865b9;a24f0333-9056-4c23-893b-8acbc1c57ec1;95006fa5-2338-4479-8cc4-c3299cce764b;credit;Revenue;18000;Adjustment for invoice OG-INV-00008 (edit);2026-04-29 07:41:29.903824+00;3af5d475-8eaa-4130-a8b5-5253b8f478f8;a24f0333-9056-4c23-893b-8acbc1c57ec1
50327ff2-2687-4e25-8346-a7b0fcca38da;a24f0333-9056-4c23-893b-8acbc1c57ec1;95006fa5-2338-4479-8cc4-c3299cce764b;debit;Revenue;18000;Adjustment for invoice OG-INV-00008 (edit);2026-04-29 07:44:27.555822+00;3af5d475-8eaa-4130-a8b5-5253b8f478f8;a24f0333-9056-4c23-893b-8acbc1c57ec1
71b18747-a178-41ca-9db6-4a860e479f0b;a24f0333-9056-4c23-893b-8acbc1c57ec1;95006fa5-2338-4479-8cc4-c3299cce764b;debit;Revenue;500;Adjustment for invoice OG-INV-00008 (edit);2026-04-29 07:48:27.046828+00;3af5d475-8eaa-4130-a8b5-5253b8f478f8;a24f0333-9056-4c23-893b-8acbc1c57ec1
1270b970-c84f-47bd-b60d-aaf465d66587;a24f0333-9056-4c23-893b-8acbc1c57ec1;360ebfd1-8754-4549-a4e1-9605d1c7756e;debit;Cash;3700;Service receipt: OG-INV-00009;2026-05-05 10:59:31.829867+00;3af5d475-8eaa-4130-a8b5-5253b8f478f8;a24f0333-9056-4c23-893b-8acbc1c57ec1
ae62700f-9d53-4450-93ab-175b4dea3365;a24f0333-9056-4c23-893b-8acbc1c57ec1;360ebfd1-8754-4549-a4e1-9605d1c7756e;debit;Service Income;564.41;GST extracted (incl.): OG-INV-00009;2026-05-05 10:59:31.829867+00;3af5d475-8eaa-4130-a8b5-5253b8f478f8;a24f0333-9056-4c23-893b-8acbc1c57ec1
52d934b2-d5c7-4f4e-9cf5-3a6811cf4551;a24f0333-9056-4c23-893b-8acbc1c57ec1;360ebfd1-8754-4549-a4e1-9605d1c7756e;credit;GST Payable;564.41;GST 18% payable: OG-INV-00009;2026-05-05 10:59:31.829867+00;3af5d475-8eaa-4130-a8b5-5253b8f478f8;a24f0333-9056-4c23-893b-8acbc1c57ec1
a7f73b5c-a0a2-42b2-8f33-f9cc4c258529;a24f0333-9056-4c23-893b-8acbc1c57ec1;360ebfd1-8754-4549-a4e1-9605d1c7756e;credit;Revenue;3700;Parts sold: OG-JOB-00008;2026-05-05 10:59:31.829867+00;3af5d475-8eaa-4130-a8b5-5253b8f478f8;a24f0333-9056-4c23-893b-8acbc1c57ec1
15ec5d1e-f5dd-482b-833a-75d97f971eba;a24f0333-9056-4c23-893b-8acbc1c57ec1;360ebfd1-8754-4549-a4e1-9605d1c7756e;debit;COGS;1062;Parts cost: OG-JOB-00008;2026-05-05 10:59:31.829867+00;3af5d475-8eaa-4130-a8b5-5253b8f478f8;a24f0333-9056-4c23-893b-8acbc1c57ec1
f7dffb1d-86a6-41bc-9b0e-a891b9c7db24;a24f0333-9056-4c23-893b-8acbc1c57ec1;360ebfd1-8754-4549-a4e1-9605d1c7756e;credit;Inventory;1062;Parts cost: OG-JOB-00008;2026-05-05 10:59:31.829867+00;3af5d475-8eaa-4130-a8b5-5253b8f478f8;a24f0333-9056-4c23-893b-8acbc1c57ec1
dabca8b3-1085-4a34-929a-480ce8b0c87f;a24f0333-9056-4c23-893b-8acbc1c57ec1;e27d6ddf-98d6-4a82-a68a-413225fee03b;debit;Cash;26000;Sale: MacBook Air M1 [FVFGQ6M8Q6LR];2026-05-12 15:10:30.631394+00;3af5d475-8eaa-4130-a8b5-5253b8f478f8;a24f0333-9056-4c23-893b-8acbc1c57ec1
4a1b88d9-48d7-4906-806f-aef093263f0d;a24f0333-9056-4c23-893b-8acbc1c57ec1;e27d6ddf-98d6-4a82-a68a-413225fee03b;credit;Revenue;26000;Sale: MacBook Air M1 [FVFGQ6M8Q6LR];2026-05-12 15:10:30.631394+00;3af5d475-8eaa-4130-a8b5-5253b8f478f8;a24f0333-9056-4c23-893b-8acbc1c57ec1
becbc861-9990-4c48-904e-ad7f6324c40e;a24f0333-9056-4c23-893b-8acbc1c57ec1;e27d6ddf-98d6-4a82-a68a-413225fee03b;debit;COGS;24000;Cost: MacBook Air M1 [FVFGQ6M8Q6LR];2026-05-12 15:10:30.631394+00;3af5d475-8eaa-4130-a8b5-5253b8f478f8;a24f0333-9056-4c23-893b-8acbc1c57ec1
9a6b62d1-bb65-4321-8e85-d6cf43626f7d;a24f0333-9056-4c23-893b-8acbc1c57ec1;e27d6ddf-98d6-4a82-a68a-413225fee03b;credit;Inventory;24000;Cost: MacBook Air M1 [FVFGQ6M8Q6LR];2026-05-12 15:10:30.631394+00;3af5d475-8eaa-4130-a8b5-5253b8f478f8;a24f0333-9056-4c23-893b-8acbc1c57ec1
dd5fe76b-6b62-4d68-af97-2142788d8f7f;a24f0333-9056-4c23-893b-8acbc1c57ec1;e27d6ddf-98d6-4a82-a68a-413225fee03b;debit;Cash;26000;Sale: MacBook Air M1 [FVFGP6TYQ6LR];2026-05-12 15:10:30.631394+00;3af5d475-8eaa-4130-a8b5-5253b8f478f8;a24f0333-9056-4c23-893b-8acbc1c57ec1
f8818878-534a-442d-b752-e306501b0380;a24f0333-9056-4c23-893b-8acbc1c57ec1;e27d6ddf-98d6-4a82-a68a-413225fee03b;credit;Revenue;26000;Sale: MacBook Air M1 [FVFGP6TYQ6LR];2026-05-12 15:10:30.631394+00;3af5d475-8eaa-4130-a8b5-5253b8f478f8;a24f0333-9056-4c23-893b-8acbc1c57ec1
da3e2dfa-b7a4-4b6f-acb6-e58cc4042360;a24f0333-9056-4c23-893b-8acbc1c57ec1;e27d6ddf-98d6-4a82-a68a-413225fee03b;debit;COGS;24000;Cost: MacBook Air M1 [FVFGP6TYQ6LR];2026-05-12 15:10:30.631394+00;3af5d475-8eaa-4130-a8b5-5253b8f478f8;a24f0333-9056-4c23-893b-8acbc1c57ec1
8a36ade7-1746-4656-bb6c-73a24e644400;a24f0333-9056-4c23-893b-8acbc1c57ec1;e27d6ddf-98d6-4a82-a68a-413225fee03b;credit;Inventory;24000;Cost: MacBook Air M1 [FVFGP6TYQ6LR];2026-05-12 15:10:30.631394+00;3af5d475-8eaa-4130-a8b5-5253b8f478f8;a24f0333-9056-4c23-893b-8acbc1c57ec1
c887ef6c-27ff-4318-9236-813b39b237fe;a24f0333-9056-4c23-893b-8acbc1c57ec1;e27d6ddf-98d6-4a82-a68a-413225fee03b;debit;Cash;26000;Sale: MacBook Air M1 [FVEGF2YZQ6LR];2026-05-12 15:10:30.631394+00;3af5d475-8eaa-4130-a8b5-5253b8f478f8;a24f0333-9056-4c23-893b-8acbc1c57ec1
aae50a04-4394-4fd6-9238-e1c6d240fc6c;a24f0333-9056-4c23-893b-8acbc1c57ec1;e27d6ddf-98d6-4a82-a68a-413225fee03b;credit;Revenue;26000;Sale: MacBook Air M1 [FVEGF2YZQ6LR];2026-05-12 15:10:30.631394+00;3af5d475-8eaa-4130-a8b5-5253b8f478f8;a24f0333-9056-4c23-893b-8acbc1c57ec1
196cc7af-b1bd-46a9-9eae-491758dc10b9;a24f0333-9056-4c23-893b-8acbc1c57ec1;e27d6ddf-98d6-4a82-a68a-413225fee03b;debit;COGS;24000;Cost: MacBook Air M1 [FVEGF2YZQ6LR];2026-05-12 15:10:30.631394+00;3af5d475-8eaa-4130-a8b5-5253b8f478f8;a24f0333-9056-4c23-893b-8acbc1c57ec1
7833bd9c-2cf3-45b8-8b7e-1772d721dd0a;a24f0333-9056-4c23-893b-8acbc1c57ec1;e27d6ddf-98d6-4a82-a68a-413225fee03b;credit;Inventory;24000;Cost: MacBook Air M1 [FVEGF2YZQ6LR];2026-05-12 15:10:30.631394+00;3af5d475-8eaa-4130-a8b5-5253b8f478f8;a24f0333-9056-4c23-893b-8acbc1c57ec1
ddef0260-6c79-4a1e-a53c-300b2005380a;a24f0333-9056-4c23-893b-8acbc1c57ec1;e27d6ddf-98d6-4a82-a68a-413225fee03b;debit;Cash;26000;Sale: MacBook Air M1 [FVFHKOCGQ6LR];2026-05-12 15:10:30.631394+00;3af5d475-8eaa-4130-a8b5-5253b8f478f8;a24f0333-9056-4c23-893b-8acbc1c57ec1
fd8a64ec-90ea-4844-8be7-43b38ce0fdfb;a24f0333-9056-4c23-893b-8acbc1c57ec1;e27d6ddf-98d6-4a82-a68a-413225fee03b;credit;Revenue;26000;Sale: MacBook Air M1 [FVFHKOCGQ6LR];2026-05-12 15:10:30.631394+00;3af5d475-8eaa-4130-a8b5-5253b8f478f8;a24f0333-9056-4c23-893b-8acbc1c57ec1
6cfd0f57-e9db-4e0b-a110-16d35fc40692;a24f0333-9056-4c23-893b-8acbc1c57ec1;e27d6ddf-98d6-4a82-a68a-413225fee03b;debit;COGS;24000;Cost: MacBook Air M1 [FVFHKOCGQ6LR];2026-05-12 15:10:30.631394+00;3af5d475-8eaa-4130-a8b5-5253b8f478f8;a24f0333-9056-4c23-893b-8acbc1c57ec1
7bd6e334-2fb8-4fa6-ae78-ada878bc4b80;a24f0333-9056-4c23-893b-8acbc1c57ec1;e27d6ddf-98d6-4a82-a68a-413225fee03b;credit;Inventory;24000;Cost: MacBook Air M1 [FVFHKOCGQ6LR];2026-05-12 15:10:30.631394+00;3af5d475-8eaa-4130-a8b5-5253b8f478f8;a24f0333-9056-4c23-893b-8acbc1c57ec1
42524a8b-8287-4755-b4cb-879fb9607983;a24f0333-9056-4c23-893b-8acbc1c57ec1;e27d6ddf-98d6-4a82-a68a-413225fee03b;debit;Cash;26000;Sale: MacBook Air M1 [FVFGW057Q6LR];2026-05-12 15:10:30.631394+00;3af5d475-8eaa-4130-a8b5-5253b8f478f8;a24f0333-9056-4c23-893b-8acbc1c57ec1
93ea4533-141c-4757-ae46-338c1011c88c;a24f0333-9056-4c23-893b-8acbc1c57ec1;e27d6ddf-98d6-4a82-a68a-413225fee03b;credit;Revenue;26000;Sale: MacBook Air M1 [FVFGW057Q6LR];2026-05-12 15:10:30.631394+00;3af5d475-8eaa-4130-a8b5-5253b8f478f8;a24f0333-9056-4c23-893b-8acbc1c57ec1
0a75e25c-563f-4980-8df0-7302a9ab2447;a24f0333-9056-4c23-893b-8acbc1c57ec1;e27d6ddf-98d6-4a82-a68a-413225fee03b;debit;COGS;24000;Cost: MacBook Air M1 [FVFGW057Q6LR];2026-05-12 15:10:30.631394+00;3af5d475-8eaa-4130-a8b5-5253b8f478f8;a24f0333-9056-4c23-893b-8acbc1c57ec1
84b0b5d2-e922-4d8c-afcb-25cb275de7b2;a24f0333-9056-4c23-893b-8acbc1c57ec1;e27d6ddf-98d6-4a82-a68a-413225fee03b;credit;Inventory;24000;Cost: MacBook Air M1 [FVFGW057Q6LR];2026-05-12 15:10:30.631394+00;3af5d475-8eaa-4130-a8b5-5253b8f478f8;a24f0333-9056-4c23-893b-8acbc1c57ec1
b00e4e42-85f0-4287-88e7-5aedc61b26a2;a24f0333-9056-4c23-893b-8acbc1c57ec1;e27d6ddf-98d6-4a82-a68a-413225fee03b;debit;Cash;26000;Sale: MacBook Air M1 [FVFGW0GBQ6LR];2026-05-12 15:10:30.631394+00;3af5d475-8eaa-4130-a8b5-5253b8f478f8;a24f0333-9056-4c23-893b-8acbc1c57ec1
ffe7581e-11c7-4d45-9d85-e87ed671d1f1;a24f0333-9056-4c23-893b-8acbc1c57ec1;e27d6ddf-98d6-4a82-a68a-413225fee03b;credit;Revenue;26000;Sale: MacBook Air M1 [FVFGW0GBQ6LR];2026-05-12 15:10:30.631394+00;3af5d475-8eaa-4130-a8b5-5253b8f478f8;a24f0333-9056-4c23-893b-8acbc1c57ec1
3088f91e-3626-47d9-aac1-9e300742b8fb;a24f0333-9056-4c23-893b-8acbc1c57ec1;e27d6ddf-98d6-4a82-a68a-413225fee03b;debit;COGS;24000;Cost: MacBook Air M1 [FVFGW0GBQ6LR];2026-05-12 15:10:30.631394+00;3af5d475-8eaa-4130-a8b5-5253b8f478f8;a24f0333-9056-4c23-893b-8acbc1c57ec1
43c95cdb-3639-49e5-8d2f-d2e13664c517;a24f0333-9056-4c23-893b-8acbc1c57ec1;e27d6ddf-98d6-4a82-a68a-413225fee03b;credit;Inventory;24000;Cost: MacBook Air M1 [FVFGW0GBQ6LR];2026-05-12 15:10:30.631394+00;3af5d475-8eaa-4130-a8b5-5253b8f478f8;a24f0333-9056-4c23-893b-8acbc1c57ec1
fd85e2ae-774f-45be-b230-5f0a4fe61398;a24f0333-9056-4c23-893b-8acbc1c57ec1;e27d6ddf-98d6-4a82-a68a-413225fee03b;debit;Cash;26000;Sale: MacBook Air M1 [FVFGP73RQ6LR];2026-05-12 15:10:30.631394+00;3af5d475-8eaa-4130-a8b5-5253b8f478f8;a24f0333-9056-4c23-893b-8acbc1c57ec1
37fdb0b1-f914-4cf7-afd6-5266861036a0;a24f0333-9056-4c23-893b-8acbc1c57ec1;e27d6ddf-98d6-4a82-a68a-413225fee03b;credit;Revenue;26000;Sale: MacBook Air M1 [FVFGP73RQ6LR];2026-05-12 15:10:30.631394+00;3af5d475-8eaa-4130-a8b5-5253b8f478f8;a24f0333-9056-4c23-893b-8acbc1c57ec1
d057c699-3ccc-41c1-8171-58b4b1a4ec27;a24f0333-9056-4c23-893b-8acbc1c57ec1;e27d6ddf-98d6-4a82-a68a-413225fee03b;debit;COGS;24000;Cost: MacBook Air M1 [FVFGP73RQ6LR];2026-05-12 15:10:30.631394+00;3af5d475-8eaa-4130-a8b5-5253b8f478f8;a24f0333-9056-4c23-893b-8acbc1c57ec1
7a1ce9df-e170-4690-ab2f-b7f6226cc6ff;a24f0333-9056-4c23-893b-8acbc1c57ec1;e27d6ddf-98d6-4a82-a68a-413225fee03b;credit;Inventory;24000;Cost: MacBook Air M1 [FVFGP73RQ6LR];2026-05-12 15:10:30.631394+00;3af5d475-8eaa-4130-a8b5-5253b8f478f8;a24f0333-9056-4c23-893b-8acbc1c57ec1
f9e278b9-b99d-41a2-9304-378404fe654a;a7f33a24-0f92-4a7d-b7e2-df3f1424032c;e7b3aaf6-0637-41f2-a78f-dc83666ff552;debit;Cash;850;Sale: QuickHeal Essential Security x1;2026-05-13 08:11:33.757631+00;3af5d475-8eaa-4130-a8b5-5253b8f478f8;a7f33a24-0f92-4a7d-b7e2-df3f1424032c
9128b2a4-3968-4eb0-8caa-7f132b901dcf;a7f33a24-0f92-4a7d-b7e2-df3f1424032c;e7b3aaf6-0637-41f2-a78f-dc83666ff552;credit;Revenue;850;Sale: QuickHeal Essential Security x1;2026-05-13 08:11:33.757631+00;3af5d475-8eaa-4130-a8b5-5253b8f478f8;a7f33a24-0f92-4a7d-b7e2-df3f1424032c
f020d8fd-c5fe-43d1-bc41-08771599646b;a7f33a24-0f92-4a7d-b7e2-df3f1424032c;e7b3aaf6-0637-41f2-a78f-dc83666ff552;debit;Cash;800;Sale: ST & LT Bag x1;2026-05-13 08:11:33.757631+00;3af5d475-8eaa-4130-a8b5-5253b8f478f8;a7f33a24-0f92-4a7d-b7e2-df3f1424032c
280a3ea5-2f1e-4dac-901f-268259cf443d;a7f33a24-0f92-4a7d-b7e2-df3f1424032c;e7b3aaf6-0637-41f2-a78f-dc83666ff552;credit;Revenue;800;Sale: ST & LT Bag x1;2026-05-13 08:11:33.757631+00;3af5d475-8eaa-4130-a8b5-5253b8f478f8;a7f33a24-0f92-4a7d-b7e2-df3f1424032c
46a4520e-e539-4604-bdc1-2858d8eb31ac;a24f0333-9056-4c23-893b-8acbc1c57ec1;cfcde8ea-16c7-40a9-b04c-5070b302366a;debit;Cash;25500;Sale: Dell Latitude 5420 [519JXD3];2026-05-16 08:33:49.282628+00;3af5d475-8eaa-4130-a8b5-5253b8f478f8;a24f0333-9056-4c23-893b-8acbc1c57ec1
2515ada3-b8e3-4595-adb0-1f82d72dfba8;a24f0333-9056-4c23-893b-8acbc1c57ec1;cfcde8ea-16c7-40a9-b04c-5070b302366a;credit;Revenue;25500;Sale: Dell Latitude 5420 [519JXD3];2026-05-16 08:33:49.282628+00;3af5d475-8eaa-4130-a8b5-5253b8f478f8;a24f0333-9056-4c23-893b-8acbc1c57ec1
dc1beded-a36c-4fe5-9f1b-8fd451f64d85;a24f0333-9056-4c23-893b-8acbc1c57ec1;cfcde8ea-16c7-40a9-b04c-5070b302366a;debit;COGS;23250;Cost: Dell Latitude 5420 [519JXD3];2026-05-16 08:33:49.282628+00;3af5d475-8eaa-4130-a8b5-5253b8f478f8;a24f0333-9056-4c23-893b-8acbc1c57ec1
c3d974e3-76a9-41fc-a863-a707bc90d755;a24f0333-9056-4c23-893b-8acbc1c57ec1;cfcde8ea-16c7-40a9-b04c-5070b302366a;credit;Inventory;23250;Cost: Dell Latitude 5420 [519JXD3];2026-05-16 08:33:49.282628+00;3af5d475-8eaa-4130-a8b5-5253b8f478f8;a24f0333-9056-4c23-893b-8acbc1c57ec1
2a868a05-00c8-44f1-86de-3eb32f0a4aee;a24f0333-9056-4c23-893b-8acbc1c57ec1;cfcde8ea-16c7-40a9-b04c-5070b302366a;debit;Cash;25500;Sale: Dell Latitude 5420 [1RCJXD3];2026-05-16 08:33:49.282628+00;3af5d475-8eaa-4130-a8b5-5253b8f478f8;a24f0333-9056-4c23-893b-8acbc1c57ec1
37e6ec38-8300-49b9-84d0-b0efcddb8956;a24f0333-9056-4c23-893b-8acbc1c57ec1;cfcde8ea-16c7-40a9-b04c-5070b302366a;credit;Revenue;25500;Sale: Dell Latitude 5420 [1RCJXD3];2026-05-16 08:33:49.282628+00;3af5d475-8eaa-4130-a8b5-5253b8f478f8;a24f0333-9056-4c23-893b-8acbc1c57ec1
9d6b1857-6a3c-4d09-9938-8c3ef4f6b8c0;a24f0333-9056-4c23-893b-8acbc1c57ec1;cfcde8ea-16c7-40a9-b04c-5070b302366a;debit;COGS;23250;Cost: Dell Latitude 5420 [1RCJXD3];2026-05-16 08:33:49.282628+00;3af5d475-8eaa-4130-a8b5-5253b8f478f8;a24f0333-9056-4c23-893b-8acbc1c57ec1
9ef48b02-b67c-4651-9176-a3f0633c32b4;a24f0333-9056-4c23-893b-8acbc1c57ec1;cfcde8ea-16c7-40a9-b04c-5070b302366a;credit;Inventory;23250;Cost: Dell Latitude 5420 [1RCJXD3];2026-05-16 08:33:49.282628+00;3af5d475-8eaa-4130-a8b5-5253b8f478f8;a24f0333-9056-4c23-893b-8acbc1c57ec1
31def1a2-30ed-4e5a-991f-7d8e1552e8c6;a24f0333-9056-4c23-893b-8acbc1c57ec1;76fd9070-1235-4484-8435-e013f98cf1b3;debit;Cash;31000;Sale: Lenovo ThinkPad X13 Gen 2 [PC2K19YM];2026-05-16 14:29:46.604885+00;3af5d475-8eaa-4130-a8b5-5253b8f478f8;a24f0333-9056-4c23-893b-8acbc1c57ec1
1a6c37ce-53ef-4cc9-8233-fbc943479d86;a24f0333-9056-4c23-893b-8acbc1c57ec1;76fd9070-1235-4484-8435-e013f98cf1b3;credit;Revenue;31000;Sale: Lenovo ThinkPad X13 Gen 2 [PC2K19YM];2026-05-16 14:29:46.604885+00;3af5d475-8eaa-4130-a8b5-5253b8f478f8;a24f0333-9056-4c23-893b-8acbc1c57ec1
96610a05-5685-4614-9d3a-ec5624b7c3c5;a24f0333-9056-4c23-893b-8acbc1c57ec1;76fd9070-1235-4484-8435-e013f98cf1b3;debit;COGS;22800;Cost: Lenovo ThinkPad X13 Gen 2 [PC2K19YM];2026-05-16 14:29:46.604885+00;3af5d475-8eaa-4130-a8b5-5253b8f478f8;a24f0333-9056-4c23-893b-8acbc1c57ec1
5a30b0ae-2e16-4f60-8f58-df45403e9c20;a24f0333-9056-4c23-893b-8acbc1c57ec1;76fd9070-1235-4484-8435-e013f98cf1b3;credit;Inventory;22800;Cost: Lenovo ThinkPad X13 Gen 2 [PC2K19YM];2026-05-16 14:29:46.604885+00;3af5d475-8eaa-4130-a8b5-5253b8f478f8;a24f0333-9056-4c23-893b-8acbc1c57ec1
56e84266-3b79-4e32-9628-05ba1e1aec7c;a24f0333-9056-4c23-893b-8acbc1c57ec1;76fd9070-1235-4484-8435-e013f98cf1b3;debit;Cash;599;Sale: Lenovo 130 Ambidextrous Optical Mouse Wireless [GY51C12380Z15NA6LG];2026-05-16 14:29:46.604885+00;3af5d475-8eaa-4130-a8b5-5253b8f478f8;a24f0333-9056-4c23-893b-8acbc1c57ec1
bdb169f3-faf9-4123-b4d8-8ad2ed509761;a24f0333-9056-4c23-893b-8acbc1c57ec1;76fd9070-1235-4484-8435-e013f98cf1b3;credit;Revenue;599;Sale: Lenovo 130 Ambidextrous Optical Mouse Wireless [GY51C12380Z15NA6LG];2026-05-16 14:29:46.604885+00;3af5d475-8eaa-4130-a8b5-5253b8f478f8;a24f0333-9056-4c23-893b-8acbc1c57ec1
a6b72084-1760-4726-b6d5-87f7aa09b9ed;a24f0333-9056-4c23-893b-8acbc1c57ec1;76fd9070-1235-4484-8435-e013f98cf1b3;debit;COGS;496;Cost: Lenovo 130 Ambidextrous Optical Mouse Wireless [GY51C12380Z15NA6LG];2026-05-16 14:29:46.604885+00;3af5d475-8eaa-4130-a8b5-5253b8f478f8;a24f0333-9056-4c23-893b-8acbc1c57ec1
a59b3b3f-dc3b-44ad-a0ad-4b8cd81a31f1;a24f0333-9056-4c23-893b-8acbc1c57ec1;76fd9070-1235-4484-8435-e013f98cf1b3;credit;Inventory;496;Cost: Lenovo 130 Ambidextrous Optical Mouse Wireless [GY51C12380Z15NA6LG];2026-05-16 14:29:46.604885+00;3af5d475-8eaa-4130-a8b5-5253b8f478f8;a24f0333-9056-4c23-893b-8acbc1c57ec1
1cab292c-7bf1-42d4-a54b-376a68816271;a24f0333-9056-4c23-893b-8acbc1c57ec1;76fd9070-1235-4484-8435-e013f98cf1b3;debit;Discount;1599;Discount: OG-INV-00011;2026-05-16 14:29:46.604885+00;3af5d475-8eaa-4130-a8b5-5253b8f478f8;a24f0333-9056-4c23-893b-8acbc1c57ec1
24f1a912-d200-40ac-baec-c2396a59f33a;a24f0333-9056-4c23-893b-8acbc1c57ec1;76fd9070-1235-4484-8435-e013f98cf1b3;credit;Cash;1599;Discount: OG-INV-00011;2026-05-16 14:29:46.604885+00;3af5d475-8eaa-4130-a8b5-5253b8f478f8;a24f0333-9056-4c23-893b-8acbc1c57ec1
5dad792f-f4cd-4d59-9e45-56eb5b2e6c23;a24f0333-9056-4c23-893b-8acbc1c57ec1;e27d6ddf-98d6-4a82-a68a-413225fee03b;credit;Revenue;26500;Adjustment for invoice OG-INV-00007 (edit);2026-05-18 14:38:38.023557+00;3af5d475-8eaa-4130-a8b5-5253b8f478f8;a24f0333-9056-4c23-893b-8acbc1c57ec1
bc0b6bd2-4269-4285-87ec-7baf79879c37;a24f0333-9056-4c23-893b-8acbc1c57ec1;a7b23149-b738-458b-9ede-435121b9fb71;debit;Cash;1299;Sale: HP H200 Wireless Headset [H200240807537];2026-05-26 10:20:24.537193+00;3af5d475-8eaa-4130-a8b5-5253b8f478f8;a24f0333-9056-4c23-893b-8acbc1c57ec1
91ce47b8-6800-47c0-b0f7-4a2b8c64e687;a24f0333-9056-4c23-893b-8acbc1c57ec1;a7b23149-b738-458b-9ede-435121b9fb71;credit;Revenue;1299;Sale: HP H200 Wireless Headset [H200240807537];2026-05-26 10:20:24.537193+00;3af5d475-8eaa-4130-a8b5-5253b8f478f8;a24f0333-9056-4c23-893b-8acbc1c57ec1
bf42f5e8-1e91-41ca-bc42-4962a595b0e8;a24f0333-9056-4c23-893b-8acbc1c57ec1;a7b23149-b738-458b-9ede-435121b9fb71;debit;COGS;973;Cost: HP H200 Wireless Headset [H200240807537];2026-05-26 10:20:24.537193+00;3af5d475-8eaa-4130-a8b5-5253b8f478f8;a24f0333-9056-4c23-893b-8acbc1c57ec1
d6fad3ac-9a05-48a6-9bcb-9ba322480515;a24f0333-9056-4c23-893b-8acbc1c57ec1;a7b23149-b738-458b-9ede-435121b9fb71;credit;Inventory;973;Cost: HP H200 Wireless Headset [H200240807537];2026-05-26 10:20:24.537193+00;3af5d475-8eaa-4130-a8b5-5253b8f478f8;a24f0333-9056-4c23-893b-8acbc1c57ec1
6398bd83-f4e2-45da-b71d-7eeb77259a9f;a24f0333-9056-4c23-893b-8acbc1c57ec1;a7b23149-b738-458b-9ede-435121b9fb71;debit;Revenue;198.15;GST extracted (incl.): OG-GST-00004;2026-05-26 10:20:24.537193+00;3af5d475-8eaa-4130-a8b5-5253b8f478f8;a24f0333-9056-4c23-893b-8acbc1c57ec1
79110644-909a-41e6-abb5-6fe5294b6d5f;a24f0333-9056-4c23-893b-8acbc1c57ec1;a7b23149-b738-458b-9ede-435121b9fb71;credit;GST Payable;198.15;GST 18% payable: OG-GST-00004;2026-05-26 10:20:24.537193+00;3af5d475-8eaa-4130-a8b5-5253b8f478f8;a24f0333-9056-4c23-893b-8acbc1c57ec1
13797ad5-1d49-44b0-a663-7bc74e468d2c;a24f0333-9056-4c23-893b-8acbc1c57ec1;5ee5461c-a836-4d81-a4e2-97b02fc54b9a;debit;Cash;2854;Service receipt: OG-GST-00005;2026-05-27 14:19:51.384227+00;3af5d475-8eaa-4130-a8b5-5253b8f478f8;a24f0333-9056-4c23-893b-8acbc1c57ec1
3572fb9b-5da4-4de2-9794-f22fff446512;a24f0333-9056-4c23-893b-8acbc1c57ec1;5ee5461c-a836-4d81-a4e2-97b02fc54b9a;debit;Service Income;435.36;GST extracted (incl.): OG-GST-00005;2026-05-27 14:19:51.384227+00;3af5d475-8eaa-4130-a8b5-5253b8f478f8;a24f0333-9056-4c23-893b-8acbc1c57ec1
26f694b7-ec38-4a3e-b43d-4bc78786dd5b;a24f0333-9056-4c23-893b-8acbc1c57ec1;5ee5461c-a836-4d81-a4e2-97b02fc54b9a;credit;GST Payable;435.36;GST 18% payable: OG-GST-00005;2026-05-27 14:19:51.384227+00;3af5d475-8eaa-4130-a8b5-5253b8f478f8;a24f0333-9056-4c23-893b-8acbc1c57ec1
5d95ce78-34d9-4ceb-8904-794616511c11;a24f0333-9056-4c23-893b-8acbc1c57ec1;5ee5461c-a836-4d81-a4e2-97b02fc54b9a;credit;Service Income;354;Labor: Hp Pavilion;2026-05-27 14:19:51.384227+00;3af5d475-8eaa-4130-a8b5-5253b8f478f8;a24f0333-9056-4c23-893b-8acbc1c57ec1
dc37cc84-6e06-44f2-a4ec-cfa3c4b5ccb9;a24f0333-9056-4c23-893b-8acbc1c57ec1;5ee5461c-a836-4d81-a4e2-97b02fc54b9a;credit;Revenue;2500;Parts sold: OG-JOB-00011;2026-05-27 14:19:51.384227+00;3af5d475-8eaa-4130-a8b5-5253b8f478f8;a24f0333-9056-4c23-893b-8acbc1c57ec1
1d02366f-e4e6-463a-b6f0-7c9c7e3aa6c3;a24f0333-9056-4c23-893b-8acbc1c57ec1;5ee5461c-a836-4d81-a4e2-97b02fc54b9a;debit;COGS;1003;Parts cost: OG-JOB-00011;2026-05-27 14:19:51.384227+00;3af5d475-8eaa-4130-a8b5-5253b8f478f8;a24f0333-9056-4c23-893b-8acbc1c57ec1
8a09a78a-5f79-40e2-8c95-82d96441ea58;a24f0333-9056-4c23-893b-8acbc1c57ec1;5ee5461c-a836-4d81-a4e2-97b02fc54b9a;credit;Inventory;1003;Parts cost: OG-JOB-00011;2026-05-27 14:19:51.384227+00;3af5d475-8eaa-4130-a8b5-5253b8f478f8;a24f0333-9056-4c23-893b-8acbc1c57ec1
6ec1e2e3-63f5-45c0-8964-14b87431a97b;a24f0333-9056-4c23-893b-8acbc1c57ec1;91f4a9cf-be3c-412c-b004-4895f57eef23;debit;Cash;900;Service receipt: OG-INV-00012;2026-06-04 07:00:01.553466+00;3af5d475-8eaa-4130-a8b5-5253b8f478f8;a24f0333-9056-4c23-893b-8acbc1c57ec1
d47a44d9-affe-4d5b-b86f-cc3092651d45;a24f0333-9056-4c23-893b-8acbc1c57ec1;91f4a9cf-be3c-412c-b004-4895f57eef23;credit;Service Income;999;Labor: Hp Pavilion 15-1000tx;2026-06-04 07:00:01.553466+00;3af5d475-8eaa-4130-a8b5-5253b8f478f8;a24f0333-9056-4c23-893b-8acbc1c57ec1
f7e7e3fe-8c19-4619-8929-ae5d5313125d;a24f0333-9056-4c23-893b-8acbc1c57ec1;91f4a9cf-be3c-412c-b004-4895f57eef23;debit;Discount;99;Discount: OG-INV-00012;2026-06-04 07:00:01.553466+00;3af5d475-8eaa-4130-a8b5-5253b8f478f8;a24f0333-9056-4c23-893b-8acbc1c57ec1
13a77f91-f85b-40e3-9279-abcd0769a2c3;a24f0333-9056-4c23-893b-8acbc1c57ec1;91f4a9cf-be3c-412c-b004-4895f57eef23;credit;Cash;99;Discount: OG-INV-00012;2026-06-04 07:00:01.553466+00;3af5d475-8eaa-4130-a8b5-5253b8f478f8;a24f0333-9056-4c23-893b-8acbc1c57ec1
0746d9a5-37f3-4917-a0a8-546e5615f402;a24f0333-9056-4c23-893b-8acbc1c57ec1;067e7380-a545-4c2b-a204-5a1600df3507;debit;Cash;3800;Service receipt: OG-INV-00013;2026-06-04 09:14:16.764362+00;3af5d475-8eaa-4130-a8b5-5253b8f478f8;a24f0333-9056-4c23-893b-8acbc1c57ec1
681b6b51-6a89-411f-9834-55c5375b449c;a24f0333-9056-4c23-893b-8acbc1c57ec1;067e7380-a545-4c2b-a204-5a1600df3507;credit;Revenue;3800;Parts sold: OG-JOB-00009;2026-06-04 09:14:16.764362+00;3af5d475-8eaa-4130-a8b5-5253b8f478f8;a24f0333-9056-4c23-893b-8acbc1c57ec1
a5e5e22f-048a-44bb-97c7-ec8ab1e73a70;a24f0333-9056-4c23-893b-8acbc1c57ec1;067e7380-a545-4c2b-a204-5a1600df3507;debit;COGS;1239;Parts cost: OG-JOB-00009;2026-06-04 09:14:16.764362+00;3af5d475-8eaa-4130-a8b5-5253b8f478f8;a24f0333-9056-4c23-893b-8acbc1c57ec1
5ee585e2-6a9e-4502-8e4e-e2199c6a6296;a24f0333-9056-4c23-893b-8acbc1c57ec1;067e7380-a545-4c2b-a204-5a1600df3507;credit;Inventory;1239;Parts cost: OG-JOB-00009;2026-06-04 09:14:16.764362+00;3af5d475-8eaa-4130-a8b5-5253b8f478f8;a24f0333-9056-4c23-893b-8acbc1c57ec1
59383e8c-a778-46fd-a0ae-5f2f95af4337;a24f0333-9056-4c23-893b-8acbc1c57ec1;a0c9f711-5e28-4101-a1ca-baae1618da26;debit;Service Income;99000;Adjustment for invoice OG-GST-00001 (edit);2026-06-04 13:17:10.392545+00;3af5d475-8eaa-4130-a8b5-5253b8f478f8;a24f0333-9056-4c23-893b-8acbc1c57ec1
aefef018-1d2f-43ed-b239-abc10c7f78f6;a24f0333-9056-4c23-893b-8acbc1c57ec1;a0c9f711-5e28-4101-a1ca-baae1618da26;credit;Service Income;99000;Adjustment for invoice OG-GST-00001 (edit);2026-06-04 13:19:07.861526+00;3af5d475-8eaa-4130-a8b5-5253b8f478f8;a24f0333-9056-4c23-893b-8acbc1c57ec1
c5293515-2825-47d8-b724-c459f30daa7d;a24f0333-9056-4c23-893b-8acbc1c57ec1;a0c9f711-5e28-4101-a1ca-baae1618da26;debit;Service Income;99000;Adjustment for invoice OG-GST-00001 (edit);2026-06-04 13:21:16.240886+00;3af5d475-8eaa-4130-a8b5-5253b8f478f8;a24f0333-9056-4c23-893b-8acbc1c57ec1
f2677099-48e3-407c-9887-76add52b0de4;a24f0333-9056-4c23-893b-8acbc1c57ec1;a0c9f711-5e28-4101-a1ca-baae1618da26;credit;Service Income;99000;Adjustment for invoice OG-GST-00001 (edit);2026-06-04 13:28:10.437214+00;3af5d475-8eaa-4130-a8b5-5253b8f478f8;a24f0333-9056-4c23-893b-8acbc1c57ec1
8d80a3c7-553d-4286-8700-4deefbf98e20;a24f0333-9056-4c23-893b-8acbc1c57ec1;2962d3c7-57cd-4e0c-8c71-188bf1650591;debit;Cash;27500;Sale: ThinkPad P14s [PF22E40Z];2026-06-06 14:24:25.03688+00;3af5d475-8eaa-4130-a8b5-5253b8f478f8;a24f0333-9056-4c23-893b-8acbc1c57ec1
d1f08a64-5841-4c71-a5e3-f5672e9c1aaf;a24f0333-9056-4c23-893b-8acbc1c57ec1;2962d3c7-57cd-4e0c-8c71-188bf1650591;credit;Revenue;27500;Sale: ThinkPad P14s [PF22E40Z];2026-06-06 14:24:25.03688+00;3af5d475-8eaa-4130-a8b5-5253b8f478f8;a24f0333-9056-4c23-893b-8acbc1c57ec1
7d2058d8-9be7-4447-aba8-3fc2b05b893e;a24f0333-9056-4c23-893b-8acbc1c57ec1;2962d3c7-57cd-4e0c-8c71-188bf1650591;debit;COGS;25000;Cost: ThinkPad P14s [PF22E40Z];2026-06-06 14:24:25.03688+00;3af5d475-8eaa-4130-a8b5-5253b8f478f8;a24f0333-9056-4c23-893b-8acbc1c57ec1
a835dfcc-0136-49e7-8349-d19c98fada9e;a24f0333-9056-4c23-893b-8acbc1c57ec1;2962d3c7-57cd-4e0c-8c71-188bf1650591;credit;Inventory;25000;Cost: ThinkPad P14s [PF22E40Z];2026-06-06 14:24:25.03688+00;3af5d475-8eaa-4130-a8b5-5253b8f478f8;a24f0333-9056-4c23-893b-8acbc1c57ec1
fe0fff2a-90f0-44ae-8d61-a7eb9747999c;a24f0333-9056-4c23-893b-8acbc1c57ec1;2962d3c7-57cd-4e0c-8c71-188bf1650591;debit;Cash;300;Sale: Quick Heal Essential [E25-ler1-34762];2026-06-06 14:24:25.03688+00;3af5d475-8eaa-4130-a8b5-5253b8f478f8;a24f0333-9056-4c23-893b-8acbc1c57ec1
f8b952cd-eeef-431f-856f-c5f56da1a74f;a24f0333-9056-4c23-893b-8acbc1c57ec1;2962d3c7-57cd-4e0c-8c71-188bf1650591;credit;Revenue;300;Sale: Quick Heal Essential [E25-ler1-34762];2026-06-06 14:24:25.03688+00;3af5d475-8eaa-4130-a8b5-5253b8f478f8;a24f0333-9056-4c23-893b-8acbc1c57ec1
cb853211-3f97-47bc-a1f8-5944b3bd12ef;a24f0333-9056-4c23-893b-8acbc1c57ec1;2962d3c7-57cd-4e0c-8c71-188bf1650591;debit;COGS;260;Cost: Quick Heal Essential [E25-ler1-34762];2026-06-06 14:24:25.03688+00;3af5d475-8eaa-4130-a8b5-5253b8f478f8;a24f0333-9056-4c23-893b-8acbc1c57ec1
e92f6e8d-c5ae-4f62-8ceb-baf10ca976c8;a24f0333-9056-4c23-893b-8acbc1c57ec1;2962d3c7-57cd-4e0c-8c71-188bf1650591;credit;Inventory;260;Cost: Quick Heal Essential [E25-ler1-34762];2026-06-06 14:24:25.03688+00;3af5d475-8eaa-4130-a8b5-5253b8f478f8;a24f0333-9056-4c23-893b-8acbc1c57ec1
5e7004ba-22c2-4e7b-ac17-9d98d4abfb68;a24f0333-9056-4c23-893b-8acbc1c57ec1;2962d3c7-57cd-4e0c-8c71-188bf1650591;debit;Cash;0;Sale: STOLT Laptop Bag [21];2026-06-06 14:24:25.03688+00;3af5d475-8eaa-4130-a8b5-5253b8f478f8;a24f0333-9056-4c23-893b-8acbc1c57ec1
419d7cb0-eb5e-491e-86d0-358f9216705c;a24f0333-9056-4c23-893b-8acbc1c57ec1;2962d3c7-57cd-4e0c-8c71-188bf1650591;credit;Revenue;0;Sale: STOLT Laptop Bag [21];2026-06-06 14:24:25.03688+00;3af5d475-8eaa-4130-a8b5-5253b8f478f8;a24f0333-9056-4c23-893b-8acbc1c57ec1
7ce1b289-edd4-4fc1-96ad-f6a61f36a920;a24f0333-9056-4c23-893b-8acbc1c57ec1;2962d3c7-57cd-4e0c-8c71-188bf1650591;debit;COGS;0;Cost: STOLT Laptop Bag [21];2026-06-06 14:24:25.03688+00;3af5d475-8eaa-4130-a8b5-5253b8f478f8;a24f0333-9056-4c23-893b-8acbc1c57ec1
126b8355-34c6-42bb-ac95-e3d8bf36c0fd;a24f0333-9056-4c23-893b-8acbc1c57ec1;2962d3c7-57cd-4e0c-8c71-188bf1650591;credit;Inventory;0;Cost: STOLT Laptop Bag [21];2026-06-06 14:24:25.03688+00;3af5d475-8eaa-4130-a8b5-5253b8f478f8;a24f0333-9056-4c23-893b-8acbc1c57ec1
58432739-ff3c-4203-88d4-668bbd3a175b;a24f0333-9056-4c23-893b-8acbc1c57ec1;2962d3c7-57cd-4e0c-8c71-188bf1650591;debit;Cash;1200;Sale: HP KM260 Keyboard Mouse Combo [KM260250117268];2026-06-06 14:24:25.03688+00;3af5d475-8eaa-4130-a8b5-5253b8f478f8;a24f0333-9056-4c23-893b-8acbc1c57ec1
01070124-4964-4a4f-a001-d5e6af6f11b2;a24f0333-9056-4c23-893b-8acbc1c57ec1;2962d3c7-57cd-4e0c-8c71-188bf1650591;credit;Revenue;1200;Sale: HP KM260 Keyboard Mouse Combo [KM260250117268];2026-06-06 14:24:25.03688+00;3af5d475-8eaa-4130-a8b5-5253b8f478f8;a24f0333-9056-4c23-893b-8acbc1c57ec1
a9841f59-e305-4643-bcbc-69b955ad4a8d;a24f0333-9056-4c23-893b-8acbc1c57ec1;2962d3c7-57cd-4e0c-8c71-188bf1650591;debit;COGS;826;Cost: HP KM260 Keyboard Mouse Combo [KM260250117268];2026-06-06 14:24:25.03688+00;3af5d475-8eaa-4130-a8b5-5253b8f478f8;a24f0333-9056-4c23-893b-8acbc1c57ec1
c226ce73-28ba-42d7-8564-00f9a573d059;a24f0333-9056-4c23-893b-8acbc1c57ec1;2962d3c7-57cd-4e0c-8c71-188bf1650591;credit;Inventory;826;Cost: HP KM260 Keyboard Mouse Combo [KM260250117268];2026-06-06 14:24:25.03688+00;3af5d475-8eaa-4130-a8b5-5253b8f478f8;a24f0333-9056-4c23-893b-8acbc1c57ec1
a9dc753b-f1ef-494e-bd94-218e1eeeab5b;a7f33a24-0f92-4a7d-b7e2-df3f1424032c;d021335d-092f-4654-bdcb-600f1d7c9c44;debit;Cash;850;Sale: Quick Heal Essential [E25-/er1-33801];2026-06-07 04:32:07.123863+00;3af5d475-8eaa-4130-a8b5-5253b8f478f8;a7f33a24-0f92-4a7d-b7e2-df3f1424032c
6635f413-19f3-4364-b490-3e02d46be5de;a7f33a24-0f92-4a7d-b7e2-df3f1424032c;d021335d-092f-4654-bdcb-600f1d7c9c44;credit;Revenue;850;Sale: Quick Heal Essential [E25-/er1-33801];2026-06-07 04:32:07.123863+00;3af5d475-8eaa-4130-a8b5-5253b8f478f8;a7f33a24-0f92-4a7d-b7e2-df3f1424032c
03240b6b-ac09-4dfc-837a-ffac7adc17ef;a7f33a24-0f92-4a7d-b7e2-df3f1424032c;d021335d-092f-4654-bdcb-600f1d7c9c44;debit;COGS;260;Cost: Quick Heal Essential [E25-/er1-33801];2026-06-07 04:32:07.123863+00;3af5d475-8eaa-4130-a8b5-5253b8f478f8;a7f33a24-0f92-4a7d-b7e2-df3f1424032c
00a424b6-aa72-41b3-af35-06a033c0d262;a7f33a24-0f92-4a7d-b7e2-df3f1424032c;d021335d-092f-4654-bdcb-600f1d7c9c44;credit;Inventory;260;Cost: Quick Heal Essential [E25-/er1-33801];2026-06-07 04:32:07.123863+00;3af5d475-8eaa-4130-a8b5-5253b8f478f8;a7f33a24-0f92-4a7d-b7e2-df3f1424032c
1a132243-876a-4a95-b6d3-37b9e3ae82ac;a7f33a24-0f92-4a7d-b7e2-df3f1424032c;d021335d-092f-4654-bdcb-600f1d7c9c44;debit;Cash;800;Sale: STOLT Laptop Bag [32];2026-06-07 04:32:07.123863+00;3af5d475-8eaa-4130-a8b5-5253b8f478f8;a7f33a24-0f92-4a7d-b7e2-df3f1424032c
aa9d2837-c918-4fca-9e91-9282b4a9fa43;a7f33a24-0f92-4a7d-b7e2-df3f1424032c;d021335d-092f-4654-bdcb-600f1d7c9c44;credit;Revenue;800;Sale: STOLT Laptop Bag [32];2026-06-07 04:32:07.123863+00;3af5d475-8eaa-4130-a8b5-5253b8f478f8;a7f33a24-0f92-4a7d-b7e2-df3f1424032c
34c3d000-4910-4393-bf6a-83c4fe7d8617;a7f33a24-0f92-4a7d-b7e2-df3f1424032c;d021335d-092f-4654-bdcb-600f1d7c9c44;debit;COGS;0;Cost: STOLT Laptop Bag [32];2026-06-07 04:32:07.123863+00;3af5d475-8eaa-4130-a8b5-5253b8f478f8;a7f33a24-0f92-4a7d-b7e2-df3f1424032c
6566f511-9ae9-47ab-85ba-88c4004e8a25;a7f33a24-0f92-4a7d-b7e2-df3f1424032c;d021335d-092f-4654-bdcb-600f1d7c9c44;credit;Inventory;0;Cost: STOLT Laptop Bag [32];2026-06-07 04:32:07.123863+00;3af5d475-8eaa-4130-a8b5-5253b8f478f8;a7f33a24-0f92-4a7d-b7e2-df3f1424032c
52b1dfa3-c730-4772-9506-d537fa84f3db;a24f0333-9056-4c23-893b-8acbc1c57ec1;2276d318-029e-4684-adca-3c96b94a90e8;debit;Cash;999;Service receipt: OG-INV-00016;2026-06-08 05:37:59.672387+00;3af5d475-8eaa-4130-a8b5-5253b8f478f8;a24f0333-9056-4c23-893b-8acbc1c57ec1
ba869a04-f454-42aa-a8d4-fb5259e8588c;a24f0333-9056-4c23-893b-8acbc1c57ec1;2276d318-029e-4684-adca-3c96b94a90e8;credit;Service Income;999;Labor: HP;2026-06-08 05:37:59.672387+00;3af5d475-8eaa-4130-a8b5-5253b8f478f8;a24f0333-9056-4c23-893b-8acbc1c57ec1
9086bcc6-9043-43ed-a303-65e8fb094f71;a24f0333-9056-4c23-893b-8acbc1c57ec1;b7267f8d-46d7-406c-a2dd-7c24536d93e4;debit;Cash;589;Service receipt: OG-GST-00007;2026-06-08 11:11:59.046133+00;3af5d475-8eaa-4130-a8b5-5253b8f478f8;a24f0333-9056-4c23-893b-8acbc1c57ec1
e5d062f2-333d-4951-9512-4c804e1519dc;a24f0333-9056-4c23-893b-8acbc1c57ec1;b7267f8d-46d7-406c-a2dd-7c24536d93e4;credit;GST Payable;89.82;GST 18% payable: OG-GST-00007;2026-06-08 11:11:59.046133+00;3af5d475-8eaa-4130-a8b5-5253b8f478f8;a24f0333-9056-4c23-893b-8acbc1c57ec1
17ed32d9-45f7-4f88-8fb8-8606d706887e;a24f0333-9056-4c23-893b-8acbc1c57ec1;b7267f8d-46d7-406c-a2dd-7c24536d93e4;credit;Service Income;499;Labor: Gaming Laptop;2026-06-08 11:11:59.046133+00;3af5d475-8eaa-4130-a8b5-5253b8f478f8;a24f0333-9056-4c23-893b-8acbc1c57ec1
a381350e-8c6e-448e-be8f-bbc1361f3702;a24f0333-9056-4c23-893b-8acbc1c57ec1;d3d7628b-36e1-4047-bf1a-65cace7b8c41;debit;Cash;6500;Service receipt: OG-INV-00018;2026-06-08 12:56:48.680557+00;3af5d475-8eaa-4130-a8b5-5253b8f478f8;a24f0333-9056-4c23-893b-8acbc1c57ec1
2c30b7b5-a987-4671-9225-a77815e52fd7;a24f0333-9056-4c23-893b-8acbc1c57ec1;d3d7628b-36e1-4047-bf1a-65cace7b8c41;credit;Service Income;6500;Labor: Lattitude;2026-06-08 12:56:48.680557+00;3af5d475-8eaa-4130-a8b5-5253b8f478f8;a24f0333-9056-4c23-893b-8acbc1c57ec1
566d0768-6c29-49b0-9481-0fa42771bbfe;a24f0333-9056-4c23-893b-8acbc1c57ec1;c03ba4ce-ecd2-4ce0-9bf8-55e6730f4e96;debit;Cash;999;Service receipt: OG-INV-00019;2026-06-08 13:49:40.48627+00;3af5d475-8eaa-4130-a8b5-5253b8f478f8;a24f0333-9056-4c23-893b-8acbc1c57ec1
e69b3866-94ac-4881-bc15-ec3a86cf543e;a24f0333-9056-4c23-893b-8acbc1c57ec1;c03ba4ce-ecd2-4ce0-9bf8-55e6730f4e96;credit;Service Income;999;Labor: CPU;2026-06-08 13:49:40.48627+00;3af5d475-8eaa-4130-a8b5-5253b8f478f8;a24f0333-9056-4c23-893b-8acbc1c57ec1
f5657b09-0f82-4b43-91e3-00bcb713eec6;a7f33a24-0f92-4a7d-b7e2-df3f1424032c;0d97bc7e-d05c-4156-9b58-a9b100d06aeb;debit;Cash;999;Service receipt: OG-INV-00020;2026-06-08 14:12:32.359806+00;3af5d475-8eaa-4130-a8b5-5253b8f478f8;a7f33a24-0f92-4a7d-b7e2-df3f1424032c
d7857d23-c3a1-4c99-a4ce-dd8e0a26503b;a7f33a24-0f92-4a7d-b7e2-df3f1424032c;0d97bc7e-d05c-4156-9b58-a9b100d06aeb;credit;Service Income;999;Labor: Inspiron;2026-06-08 14:12:32.359806+00;3af5d475-8eaa-4130-a8b5-5253b8f478f8;a7f33a24-0f92-4a7d-b7e2-df3f1424032c
95537533-884e-4f9c-89e6-09cf917a4296;a24f0333-9056-4c23-893b-8acbc1c57ec1;871842e6-f8b3-4347-ac19-5d7d5038b2ae;debit;Cash;8500;Service receipt: OG-INV-00019;2026-06-11 11:08:19.179067+00;3af5d475-8eaa-4130-a8b5-5253b8f478f8;a24f0333-9056-4c23-893b-8acbc1c57ec1
929b8e32-bfd9-4cf1-8914-d317a8ae5655;a24f0333-9056-4c23-893b-8acbc1c57ec1;871842e6-f8b3-4347-ac19-5d7d5038b2ae;credit;Revenue;8500;Parts sold: OG-JOB-00012;2026-06-11 11:08:19.179067+00;3af5d475-8eaa-4130-a8b5-5253b8f478f8;a24f0333-9056-4c23-893b-8acbc1c57ec1
1eb28575-907c-4e20-9266-da0a3868e00b;a24f0333-9056-4c23-893b-8acbc1c57ec1;871842e6-f8b3-4347-ac19-5d7d5038b2ae;debit;COGS;4189;Parts cost: OG-JOB-00012;2026-06-11 11:08:19.179067+00;3af5d475-8eaa-4130-a8b5-5253b8f478f8;a24f0333-9056-4c23-893b-8acbc1c57ec1
f856c324-ad29-45de-8696-9b7943ef46e3;a24f0333-9056-4c23-893b-8acbc1c57ec1;871842e6-f8b3-4347-ac19-5d7d5038b2ae;credit;Inventory;4189;Parts cost: OG-JOB-00012;2026-06-11 11:08:19.179067+00;3af5d475-8eaa-4130-a8b5-5253b8f478f8;a24f0333-9056-4c23-893b-8acbc1c57ec1
d4cc4a22-7125-4a70-8e68-252ec788fce2;a24f0333-9056-4c23-893b-8acbc1c57ec1;84b76905-d92f-47e1-afb9-e3e137c2be24;debit;Cash;3300;Spare: HP Laptop Battery [EL04XL] x1;2026-06-16 07:45:30.456486+00;3af5d475-8eaa-4130-a8b5-5253b8f478f8;a24f0333-9056-4c23-893b-8acbc1c57ec1
cd6108bd-6730-483d-97e9-7349424b8ccc;a24f0333-9056-4c23-893b-8acbc1c57ec1;84b76905-d92f-47e1-afb9-e3e137c2be24;credit;Revenue;3300;Spare: HP Laptop Battery [EL04XL] x1;2026-06-16 07:45:30.456486+00;3af5d475-8eaa-4130-a8b5-5253b8f478f8;a24f0333-9056-4c23-893b-8acbc1c57ec1
85d01332-bbcd-4405-a9ba-da8aed34358e;a24f0333-9056-4c23-893b-8acbc1c57ec1;84b76905-d92f-47e1-afb9-e3e137c2be24;debit;COGS;1770;Cost: HP Laptop Battery x1;2026-06-16 07:45:30.456486+00;3af5d475-8eaa-4130-a8b5-5253b8f478f8;a24f0333-9056-4c23-893b-8acbc1c57ec1
6420c9ad-cdcf-429c-b0a3-9d379abddd88;a24f0333-9056-4c23-893b-8acbc1c57ec1;84b76905-d92f-47e1-afb9-e3e137c2be24;credit;Inventory;1770;Cost: HP Laptop Battery x1;2026-06-16 07:45:30.456486+00;3af5d475-8eaa-4130-a8b5-5253b8f478f8;a24f0333-9056-4c23-893b-8acbc1c57ec1
807c87e2-16d2-41dc-9e9a-310f6db586e1;a24f0333-9056-4c23-893b-8acbc1c57ec1;082702f7-d5e4-4d7b-ad09-0845e3d5d6bc;debit;Cash;999;Service receipt: OG-INV-00021;2026-06-16 12:31:14.998436+00;3af5d475-8eaa-4130-a8b5-5253b8f478f8;a24f0333-9056-4c23-893b-8acbc1c57ec1
5e518c87-0517-4fb8-8abb-732ba0531278;a24f0333-9056-4c23-893b-8acbc1c57ec1;082702f7-d5e4-4d7b-ad09-0845e3d5d6bc;credit;Service Income;999;Labor: ideapad 320;2026-06-16 12:31:14.998436+00;3af5d475-8eaa-4130-a8b5-5253b8f478f8;a24f0333-9056-4c23-893b-8acbc1c57ec1
e924628b-4d21-4e5f-b722-567776d4fa7e;a24f0333-9056-4c23-893b-8acbc1c57ec1;4cc78d76-fbe6-4349-887e-420cf49b1d10;debit;Cash;3100;Service receipt: OG-INV-00022;2026-06-18 14:03:47.369732+00;3af5d475-8eaa-4130-a8b5-5253b8f478f8;a24f0333-9056-4c23-893b-8acbc1c57ec1
1017771e-f483-4565-8cd2-ca9013e1b208;a24f0333-9056-4c23-893b-8acbc1c57ec1;4cc78d76-fbe6-4349-887e-420cf49b1d10;credit;Service Income;3100;Labor: Ideapad Slim 5;2026-06-18 14:03:47.369732+00;3af5d475-8eaa-4130-a8b5-5253b8f478f8;a24f0333-9056-4c23-893b-8acbc1c57ec1
2f529627-475e-4abe-b7f1-ec8a9ea60afc;a24f0333-9056-4c23-893b-8acbc1c57ec1;f888e1fe-185d-462e-91b2-3fddf6a44400;debit;Cash;1500;Sale: Boat Rockerz Prime 210ANC [8905650116168];2026-06-22 14:06:51.723975+00;3af5d475-8eaa-4130-a8b5-5253b8f478f8;a24f0333-9056-4c23-893b-8acbc1c57ec1
c8c6e7e7-5aff-4812-a8df-11f0773c47db;a24f0333-9056-4c23-893b-8acbc1c57ec1;f888e1fe-185d-462e-91b2-3fddf6a44400;credit;Revenue;1500;Sale: Boat Rockerz Prime 210ANC [8905650116168];2026-06-22 14:06:51.723975+00;3af5d475-8eaa-4130-a8b5-5253b8f478f8;a24f0333-9056-4c23-893b-8acbc1c57ec1
274e7ee2-cd96-41ff-b8e5-cfbf379dcf44;a24f0333-9056-4c23-893b-8acbc1c57ec1;f888e1fe-185d-462e-91b2-3fddf6a44400;debit;COGS;1195;Cost: Boat Rockerz Prime 210ANC [8905650116168];2026-06-22 14:06:51.723975+00;3af5d475-8eaa-4130-a8b5-5253b8f478f8;a24f0333-9056-4c23-893b-8acbc1c57ec1
857fbbbf-15d8-45e4-8ed9-c6bc25a54377;a24f0333-9056-4c23-893b-8acbc1c57ec1;f888e1fe-185d-462e-91b2-3fddf6a44400;credit;Inventory;1195;Cost: Boat Rockerz Prime 210ANC [8905650116168];2026-06-22 14:06:51.723975+00;3af5d475-8eaa-4130-a8b5-5253b8f478f8;a24f0333-9056-4c23-893b-8acbc1c57ec1
73b0bb10-ddb7-4be3-bd71-d0c5d36d5112;a24f0333-9056-4c23-893b-8acbc1c57ec1;82e7373d-ddac-468d-83fb-9d53c5738bef;debit;Cash;2000;Sale: boat Wave Astra 3 [8905650068771];2026-06-22 14:17:27.511289+00;3af5d475-8eaa-4130-a8b5-5253b8f478f8;a24f0333-9056-4c23-893b-8acbc1c57ec1
b18a359a-ff88-4955-b0be-0f56e383a14d;a24f0333-9056-4c23-893b-8acbc1c57ec1;82e7373d-ddac-468d-83fb-9d53c5738bef;credit;Revenue;2000;Sale: boat Wave Astra 3 [8905650068771];2026-06-22 14:17:27.511289+00;3af5d475-8eaa-4130-a8b5-5253b8f478f8;a24f0333-9056-4c23-893b-8acbc1c57ec1
c6819360-870e-48f0-a34e-d5a79e4f9cea;a24f0333-9056-4c23-893b-8acbc1c57ec1;82e7373d-ddac-468d-83fb-9d53c5738bef;debit;COGS;1950;Cost: boat Wave Astra 3 [8905650068771];2026-06-22 14:17:27.511289+00;3af5d475-8eaa-4130-a8b5-5253b8f478f8;a24f0333-9056-4c23-893b-8acbc1c57ec1
0d0630f8-e34d-4ac4-9568-4c93915eeb6e;a24f0333-9056-4c23-893b-8acbc1c57ec1;82e7373d-ddac-468d-83fb-9d53c5738bef;credit;Inventory;1950;Cost: boat Wave Astra 3 [8905650068771];2026-06-22 14:17:27.511289+00;3af5d475-8eaa-4130-a8b5-5253b8f478f8;a24f0333-9056-4c23-893b-8acbc1c57ec1
18579bc0-82f5-48b1-893b-493568ef3afc;a24f0333-9056-4c23-893b-8acbc1c57ec1;ae5eff95-a90c-45c1-b114-858365170a00;debit;Cash;1250;Sale: boat ROCKERZ ZEN ANC [8905650126259];2026-06-22 14:36:53.746922+00;3af5d475-8eaa-4130-a8b5-5253b8f478f8;a24f0333-9056-4c23-893b-8acbc1c57ec1
4cdad38e-6016-4c64-930a-907f85eecea2;a24f0333-9056-4c23-893b-8acbc1c57ec1;ae5eff95-a90c-45c1-b114-858365170a00;credit;Revenue;1250;Sale: boat ROCKERZ ZEN ANC [8905650126259];2026-06-22 14:36:53.746922+00;3af5d475-8eaa-4130-a8b5-5253b8f478f8;a24f0333-9056-4c23-893b-8acbc1c57ec1
92cb6e3e-8009-463d-96c9-95b9f817a861;a24f0333-9056-4c23-893b-8acbc1c57ec1;ae5eff95-a90c-45c1-b114-858365170a00;debit;COGS;1149;Cost: boat ROCKERZ ZEN ANC [8905650126259];2026-06-22 14:36:53.746922+00;3af5d475-8eaa-4130-a8b5-5253b8f478f8;a24f0333-9056-4c23-893b-8acbc1c57ec1
49d4ca9c-32f5-42e2-a07b-abc418c81ffd;a24f0333-9056-4c23-893b-8acbc1c57ec1;ae5eff95-a90c-45c1-b114-858365170a00;credit;Inventory;1149;Cost: boat ROCKERZ ZEN ANC [8905650126259];2026-06-22 14:36:53.746922+00;3af5d475-8eaa-4130-a8b5-5253b8f478f8;a24f0333-9056-4c23-893b-8acbc1c57ec1
2774cd0f-bb33-4319-bd36-6ad6495baf5b;a24f0333-9056-4c23-893b-8acbc1c57ec1;82e7373d-ddac-468d-83fb-9d53c5738bef;debit;Revenue;760;Adjustment for invoice OG-INV-00024 (edit);2026-06-22 14:48:47.733343+00;3af5d475-8eaa-4130-a8b5-5253b8f478f8;a24f0333-9056-4c23-893b-8acbc1c57ec1
ee528eff-98b7-4d89-b095-b4c40df0de89;a24f0333-9056-4c23-893b-8acbc1c57ec1;f2fdcfae-c77a-4bd1-86a3-fd072d16cdfc;debit;Cash;650;Sale: HP S500 WIRELESS MOUSE [7CH552GHC0];2026-06-23 07:14:22.96658+00;3af5d475-8eaa-4130-a8b5-5253b8f478f8;a24f0333-9056-4c23-893b-8acbc1c57ec1
f28fa0ae-9a90-471b-8888-62dbddb1dbad;a24f0333-9056-4c23-893b-8acbc1c57ec1;f2fdcfae-c77a-4bd1-86a3-fd072d16cdfc;credit;Revenue;650;Sale: HP S500 WIRELESS MOUSE [7CH552GHC0];2026-06-23 07:14:22.96658+00;3af5d475-8eaa-4130-a8b5-5253b8f478f8;a24f0333-9056-4c23-893b-8acbc1c57ec1
6ba437a7-7818-452d-b940-87ad0dcc61c0;a24f0333-9056-4c23-893b-8acbc1c57ec1;f2fdcfae-c77a-4bd1-86a3-fd072d16cdfc;debit;COGS;496;Cost: HP S500 WIRELESS MOUSE [7CH552GHC0];2026-06-23 07:14:22.96658+00;3af5d475-8eaa-4130-a8b5-5253b8f478f8;a24f0333-9056-4c23-893b-8acbc1c57ec1
1cd4606e-68f8-40dd-b7f5-ce13bc55d89b;a24f0333-9056-4c23-893b-8acbc1c57ec1;f2fdcfae-c77a-4bd1-86a3-fd072d16cdfc;credit;Inventory;496;Cost: HP S500 WIRELESS MOUSE [7CH552GHC0];2026-06-23 07:14:22.96658+00;3af5d475-8eaa-4130-a8b5-5253b8f478f8;a24f0333-9056-4c23-893b-8acbc1c57ec1
5d58b4b3-f415-499f-aa7b-d2d6e086bd03;a24f0333-9056-4c23-893b-8acbc1c57ec1;f2fdcfae-c77a-4bd1-86a3-fd072d16cdfc;debit;Revenue;99.15;GST extracted (incl.): OG-GST-00007;2026-06-23 07:14:22.96658+00;3af5d475-8eaa-4130-a8b5-5253b8f478f8;a24f0333-9056-4c23-893b-8acbc1c57ec1
cf748cfa-29d3-4826-89ec-f4a0826154a6;a24f0333-9056-4c23-893b-8acbc1c57ec1;f2fdcfae-c77a-4bd1-86a3-fd072d16cdfc;credit;GST Payable;99.15;GST 18% payable: OG-GST-00007;2026-06-23 07:14:22.96658+00;3af5d475-8eaa-4130-a8b5-5253b8f478f8;a24f0333-9056-4c23-893b-8acbc1c57ec1
c68a4d31-6ecd-4d34-b1d8-87ee69686d6e;a24f0333-9056-4c23-893b-8acbc1c57ec1;6f0f397f-80cd-4ce0-b766-3ae8439ca689;debit;Cash;3500;Service receipt: OG-INV-00026;2026-06-24 09:30:11.87041+00;3af5d475-8eaa-4130-a8b5-5253b8f478f8;a24f0333-9056-4c23-893b-8acbc1c57ec1
97038793-5a77-4cc6-85c3-3be4248d22fc;a24f0333-9056-4c23-893b-8acbc1c57ec1;6f0f397f-80cd-4ce0-b766-3ae8439ca689;credit;Service Income;3500;Labor: N19C1D;2026-06-24 09:30:11.87041+00;3af5d475-8eaa-4130-a8b5-5253b8f478f8;a24f0333-9056-4c23-893b-8acbc1c57ec1
37caafd7-01cb-464e-8f5e-7520e248e58c;a24f0333-9056-4c23-893b-8acbc1c57ec1;6f0f397f-80cd-4ce0-b766-3ae8439ca689;credit;Revenue;1;Parts sold: OG-JOB-00022;2026-06-24 09:30:11.87041+00;3af5d475-8eaa-4130-a8b5-5253b8f478f8;a24f0333-9056-4c23-893b-8acbc1c57ec1
55998131-54ee-41fa-9375-578441498a5f;a24f0333-9056-4c23-893b-8acbc1c57ec1;6f0f397f-80cd-4ce0-b766-3ae8439ca689;debit;COGS;668;Parts cost: OG-JOB-00022;2026-06-24 09:30:11.87041+00;3af5d475-8eaa-4130-a8b5-5253b8f478f8;a24f0333-9056-4c23-893b-8acbc1c57ec1
8d263832-354b-422f-9889-c597b7118bdb;a24f0333-9056-4c23-893b-8acbc1c57ec1;6f0f397f-80cd-4ce0-b766-3ae8439ca689;credit;Inventory;668;Parts cost: OG-JOB-00022;2026-06-24 09:30:11.87041+00;3af5d475-8eaa-4130-a8b5-5253b8f478f8;a24f0333-9056-4c23-893b-8acbc1c57ec1
f354710c-7cf0-4371-88b1-ea6d982a8c49;a24f0333-9056-4c23-893b-8acbc1c57ec1;6f0f397f-80cd-4ce0-b766-3ae8439ca689;debit;Discount;1;Discount: OG-INV-00026;2026-06-24 09:30:11.87041+00;3af5d475-8eaa-4130-a8b5-5253b8f478f8;a24f0333-9056-4c23-893b-8acbc1c57ec1
35ee5771-bfb4-45a4-b0ad-7f95239c0091;a24f0333-9056-4c23-893b-8acbc1c57ec1;6f0f397f-80cd-4ce0-b766-3ae8439ca689;credit;Cash;1;Discount: OG-INV-00026;2026-06-24 09:30:11.87041+00;3af5d475-8eaa-4130-a8b5-5253b8f478f8;a24f0333-9056-4c23-893b-8acbc1c57ec1
cc66762c-3382-4641-978d-667b82b8728c;a7f33a24-0f92-4a7d-b7e2-df3f1424032c;b4652575-a271-4f73-888b-106736066c18;debit;Cash;2050;Sale: Apple C-type 20w power adapter x1;2026-06-28 11:11:23.380948+00;3af5d475-8eaa-4130-a8b5-5253b8f478f8;a7f33a24-0f92-4a7d-b7e2-df3f1424032c
e4463052-a049-4af8-9fe5-47d23ffd9056;a7f33a24-0f92-4a7d-b7e2-df3f1424032c;b4652575-a271-4f73-888b-106736066c18;credit;Revenue;2050;Sale: Apple C-type 20w power adapter x1;2026-06-28 11:11:23.380948+00;3af5d475-8eaa-4130-a8b5-5253b8f478f8;a7f33a24-0f92-4a7d-b7e2-df3f1424032c
536fe457-2c70-40ae-95a9-70c485765598;a7f33a24-0f92-4a7d-b7e2-df3f1424032c;e9fbb11c-5707-4794-871b-06f58f911d96;debit;Cash;999;Service receipt: OG-INV-00028;2026-06-29 14:44:55.140973+00;3af5d475-8eaa-4130-a8b5-5253b8f478f8;a7f33a24-0f92-4a7d-b7e2-df3f1424032c
5ae23be7-31b5-4767-b053-86f9dc3c489f;a7f33a24-0f92-4a7d-b7e2-df3f1424032c;e9fbb11c-5707-4794-871b-06f58f911d96;credit;Service Income;999;Labor: DELL LATITUDE;2026-06-29 14:44:55.140973+00;3af5d475-8eaa-4130-a8b5-5253b8f478f8;a7f33a24-0f92-4a7d-b7e2-df3f1424032c
391394bc-1517-4f9a-85f3-d9b1431d71ec;a24f0333-9056-4c23-893b-8acbc1c57ec1;3f9f7d30-4cce-4f34-bed6-07d5cd92f261;debit;Cash;26000;Sale: Lenovo ThinkPad X13 Gen 2 [PC2JLM42];2026-07-01 11:19:52.170261+00;3af5d475-8eaa-4130-a8b5-5253b8f478f8;a24f0333-9056-4c23-893b-8acbc1c57ec1
4e5e4b01-c770-4e4c-ad18-4e100e3b3eb0;a24f0333-9056-4c23-893b-8acbc1c57ec1;3f9f7d30-4cce-4f34-bed6-07d5cd92f261;credit;Revenue;26000;Sale: Lenovo ThinkPad X13 Gen 2 [PC2JLM42];2026-07-01 11:19:52.170261+00;3af5d475-8eaa-4130-a8b5-5253b8f478f8;a24f0333-9056-4c23-893b-8acbc1c57ec1
673c8485-522b-40db-b8d5-e83fb21e3265;a24f0333-9056-4c23-893b-8acbc1c57ec1;3f9f7d30-4cce-4f34-bed6-07d5cd92f261;debit;COGS;22800;Cost: Lenovo ThinkPad X13 Gen 2 [PC2JLM42];2026-07-01 11:19:52.170261+00;3af5d475-8eaa-4130-a8b5-5253b8f478f8;a24f0333-9056-4c23-893b-8acbc1c57ec1
80d964d9-0790-450d-b0cd-86f4850e6ddf;a24f0333-9056-4c23-893b-8acbc1c57ec1;3f9f7d30-4cce-4f34-bed6-07d5cd92f261;credit;Inventory;22800;Cost: Lenovo ThinkPad X13 Gen 2 [PC2JLM42];2026-07-01 11:19:52.170261+00;3af5d475-8eaa-4130-a8b5-5253b8f478f8;a24f0333-9056-4c23-893b-8acbc1c57ec1
13cbaa97-d6ae-460d-844e-fa91e638f3f2;a24f0333-9056-4c23-893b-8acbc1c57ec1;c3f316cb-1a64-4948-b726-354501607fbc;debit;Cash;31200;Sale: Lenovo Thinkpad T14s [PC1WX822];2026-07-01 12:23:28.089024+00;3af5d475-8eaa-4130-a8b5-5253b8f478f8;a24f0333-9056-4c23-893b-8acbc1c57ec1
c8195573-ce9f-4252-b2e4-704544380b1c;a24f0333-9056-4c23-893b-8acbc1c57ec1;c3f316cb-1a64-4948-b726-354501607fbc;credit;Revenue;31200;Sale: Lenovo Thinkpad T14s [PC1WX822];2026-07-01 12:23:28.089024+00;3af5d475-8eaa-4130-a8b5-5253b8f478f8;a24f0333-9056-4c23-893b-8acbc1c57ec1
cc9e1cfd-4955-47ed-be8b-90a2880a457b;a24f0333-9056-4c23-893b-8acbc1c57ec1;c3f316cb-1a64-4948-b726-354501607fbc;debit;COGS;25500;Cost: Lenovo Thinkpad T14s [PC1WX822];2026-07-01 12:23:28.089024+00;3af5d475-8eaa-4130-a8b5-5253b8f478f8;a24f0333-9056-4c23-893b-8acbc1c57ec1
8e43650c-1df2-489f-b1bc-985597673d1d;a24f0333-9056-4c23-893b-8acbc1c57ec1;c3f316cb-1a64-4948-b726-354501607fbc;credit;Inventory;25500;Cost: Lenovo Thinkpad T14s [PC1WX822];2026-07-01 12:23:28.089024+00;3af5d475-8eaa-4130-a8b5-5253b8f478f8;a24f0333-9056-4c23-893b-8acbc1c57ec1
24b82926-d8ab-4d58-8917-6b313eaf5261;a24f0333-9056-4c23-893b-8acbc1c57ec1;c3f316cb-1a64-4948-b726-354501607fbc;debit;Cash;0;Sale: Quick Heal Essential [E25-/er1-34766];2026-07-01 12:23:28.089024+00;3af5d475-8eaa-4130-a8b5-5253b8f478f8;a24f0333-9056-4c23-893b-8acbc1c57ec1
ce6a9d3f-bd52-4351-bc46-662a61bc020e;a24f0333-9056-4c23-893b-8acbc1c57ec1;c3f316cb-1a64-4948-b726-354501607fbc;credit;Revenue;0;Sale: Quick Heal Essential [E25-/er1-34766];2026-07-01 12:23:28.089024+00;3af5d475-8eaa-4130-a8b5-5253b8f478f8;a24f0333-9056-4c23-893b-8acbc1c57ec1
d2a4841e-598b-4ba6-8fd4-b2672a1c8d8a;a24f0333-9056-4c23-893b-8acbc1c57ec1;c3f316cb-1a64-4948-b726-354501607fbc;debit;COGS;260;Cost: Quick Heal Essential [E25-/er1-34766];2026-07-01 12:23:28.089024+00;3af5d475-8eaa-4130-a8b5-5253b8f478f8;a24f0333-9056-4c23-893b-8acbc1c57ec1
93b9b7cb-f596-46a8-93a7-0a293648ec8c;a24f0333-9056-4c23-893b-8acbc1c57ec1;c3f316cb-1a64-4948-b726-354501607fbc;credit;Inventory;260;Cost: Quick Heal Essential [E25-/er1-34766];2026-07-01 12:23:28.089024+00;3af5d475-8eaa-4130-a8b5-5253b8f478f8;a24f0333-9056-4c23-893b-8acbc1c57ec1
16fce9d9-c12d-406c-9b55-4ffc32e864b4;a24f0333-9056-4c23-893b-8acbc1c57ec1;c3f316cb-1a64-4948-b726-354501607fbc;debit;Cash;0;Sale: Lenovo 210 2.4GHz Wireless USB Keyboard and Mouse Combo [Z15D0JHR];2026-07-01 12:23:28.089024+00;3af5d475-8eaa-4130-a8b5-5253b8f478f8;a24f0333-9056-4c23-893b-8acbc1c57ec1
59be1a9e-e347-4c0b-bc8a-8b2ab8cf042f;a24f0333-9056-4c23-893b-8acbc1c57ec1;c3f316cb-1a64-4948-b726-354501607fbc;credit;Revenue;0;Sale: Lenovo 210 2.4GHz Wireless USB Keyboard and Mouse Combo [Z15D0JHR];2026-07-01 12:23:28.089024+00;3af5d475-8eaa-4130-a8b5-5253b8f478f8;a24f0333-9056-4c23-893b-8acbc1c57ec1
8b02fd8c-f743-44ac-a757-c7c320d6c302;a24f0333-9056-4c23-893b-8acbc1c57ec1;c3f316cb-1a64-4948-b726-354501607fbc;debit;COGS;826;Cost: Lenovo 210 2.4GHz Wireless USB Keyboard and Mouse Combo [Z15D0JHR];2026-07-01 12:23:28.089024+00;3af5d475-8eaa-4130-a8b5-5253b8f478f8;a24f0333-9056-4c23-893b-8acbc1c57ec1
0815d26a-c85e-4d2f-8c71-03fdbf68159f;a24f0333-9056-4c23-893b-8acbc1c57ec1;c3f316cb-1a64-4948-b726-354501607fbc;credit;Inventory;826;Cost: Lenovo 210 2.4GHz Wireless USB Keyboard and Mouse Combo [Z15D0JHR];2026-07-01 12:23:28.089024+00;3af5d475-8eaa-4130-a8b5-5253b8f478f8;a24f0333-9056-4c23-893b-8acbc1c57ec1
51042e4b-8f72-4cc9-9b9c-b5fb415ba1bd;a24f0333-9056-4c23-893b-8acbc1c57ec1;6a7f7490-659f-4895-a0be-2700c8e47d77;debit;Cash;4400;Sale: Biometric License & Servive x1;2026-07-05 08:45:45.214527+00;3af5d475-8eaa-4130-a8b5-5253b8f478f8;a24f0333-9056-4c23-893b-8acbc1c57ec1
a30e9e75-0608-4eed-8488-be6a2a2822bb;a24f0333-9056-4c23-893b-8acbc1c57ec1;6a7f7490-659f-4895-a0be-2700c8e47d77;credit;Revenue;4400;Sale: Biometric License & Servive x1;2026-07-05 08:45:45.214527+00;3af5d475-8eaa-4130-a8b5-5253b8f478f8;a24f0333-9056-4c23-893b-8acbc1c57ec1
4483ae9b-9770-4fb5-aab1-4c1cfbd5c34b;a24f0333-9056-4c23-893b-8acbc1c57ec1;fbdc0787-0d06-4b10-bf3d-1dd8b295f2ce;debit;Cash;1299;Sale: HP H200 Wireless Headset [H200240807548];2026-07-08 15:36:54.180853+00;3af5d475-8eaa-4130-a8b5-5253b8f478f8;a24f0333-9056-4c23-893b-8acbc1c57ec1
e9c65243-f28b-4603-bb87-2df4e83521b6;a24f0333-9056-4c23-893b-8acbc1c57ec1;fbdc0787-0d06-4b10-bf3d-1dd8b295f2ce;credit;Revenue;1299;Sale: HP H200 Wireless Headset [H200240807548];2026-07-08 15:36:54.180853+00;3af5d475-8eaa-4130-a8b5-5253b8f478f8;a24f0333-9056-4c23-893b-8acbc1c57ec1
6b228208-c39c-4116-870e-58af39581873;a24f0333-9056-4c23-893b-8acbc1c57ec1;fbdc0787-0d06-4b10-bf3d-1dd8b295f2ce;debit;COGS;973;Cost: HP H200 Wireless Headset [H200240807548];2026-07-08 15:36:54.180853+00;3af5d475-8eaa-4130-a8b5-5253b8f478f8;a24f0333-9056-4c23-893b-8acbc1c57ec1
98ce5bcb-b8de-44c8-a107-1f257ab9f2ae;a24f0333-9056-4c23-893b-8acbc1c57ec1;fbdc0787-0d06-4b10-bf3d-1dd8b295f2ce;credit;Inventory;973;Cost: HP H200 Wireless Headset [H200240807548];2026-07-08 15:36:54.180853+00;3af5d475-8eaa-4130-a8b5-5253b8f478f8;a24f0333-9056-4c23-893b-8acbc1c57ec1
e4ae0fe3-df41-445e-b9f6-044422c3a3c7;a24f0333-9056-4c23-893b-8acbc1c57ec1;fbdc0787-0d06-4b10-bf3d-1dd8b295f2ce;debit;Revenue;198.15;GST extracted (incl.): OG-GST-00008;2026-07-08 15:36:54.180853+00;3af5d475-8eaa-4130-a8b5-5253b8f478f8;a24f0333-9056-4c23-893b-8acbc1c57ec1
63b5835d-e974-4f42-8d9a-5e42aecb3319;a24f0333-9056-4c23-893b-8acbc1c57ec1;fbdc0787-0d06-4b10-bf3d-1dd8b295f2ce;credit;GST Payable;198.15;GST 18% payable: OG-GST-00008;2026-07-08 15:36:54.180853+00;3af5d475-8eaa-4130-a8b5-5253b8f478f8;a24f0333-9056-4c23-893b-8acbc1c57ec1
98568476-e5a9-4896-a206-5c57bdcc0aee;a24f0333-9056-4c23-893b-8acbc1c57ec1;1c5606c4-4773-4d6e-9cd7-a6dfff857ed4;debit;Cash;6000;Service receipt: OG-INV-00032;2026-07-09 14:02:52.585952+00;3af5d475-8eaa-4130-a8b5-5253b8f478f8;a24f0333-9056-4c23-893b-8acbc1c57ec1
fcb4dadb-0ca7-4a0c-89d0-448edc3fb67c;a24f0333-9056-4c23-893b-8acbc1c57ec1;1c5606c4-4773-4d6e-9cd7-a6dfff857ed4;credit;Service Income;999;Labor: inspiron 15;2026-07-09 14:02:52.585952+00;3af5d475-8eaa-4130-a8b5-5253b8f478f8;a24f0333-9056-4c23-893b-8acbc1c57ec1
ce70fc25-bb3b-4492-902e-9266d18ea033;a24f0333-9056-4c23-893b-8acbc1c57ec1;1c5606c4-4773-4d6e-9cd7-a6dfff857ed4;credit;Revenue;6000;Parts sold: OG-JOB-00026;2026-07-09 14:02:52.585952+00;3af5d475-8eaa-4130-a8b5-5253b8f478f8;a24f0333-9056-4c23-893b-8acbc1c57ec1
9e8453e8-e990-4e90-ad89-e874f8bc6d7a;a24f0333-9056-4c23-893b-8acbc1c57ec1;1c5606c4-4773-4d6e-9cd7-a6dfff857ed4;debit;Discount;999;Discount: OG-INV-00032;2026-07-09 14:02:52.585952+00;3af5d475-8eaa-4130-a8b5-5253b8f478f8;a24f0333-9056-4c23-893b-8acbc1c57ec1
75795f6c-6c10-47a3-af18-4f2d4fe6a7e9;a24f0333-9056-4c23-893b-8acbc1c57ec1;1c5606c4-4773-4d6e-9cd7-a6dfff857ed4;credit;Cash;999;Discount: OG-INV-00032;2026-07-09 14:02:52.585952+00;3af5d475-8eaa-4130-a8b5-5253b8f478f8;a24f0333-9056-4c23-893b-8acbc1c57ec1
54d34837-9549-4e44-a229-4427c3edc87d;a7f33a24-0f92-4a7d-b7e2-df3f1424032c;02d8dd0f-7863-488c-a46f-72292aa1ebbb;debit;Cash;999;Service receipt: OG-INV-00033;2026-07-13 07:03:00.888063+00;3af5d475-8eaa-4130-a8b5-5253b8f478f8;a7f33a24-0f92-4a7d-b7e2-df3f1424032c
49486aaa-54b9-4ee3-b596-949268aeba83;a7f33a24-0f92-4a7d-b7e2-df3f1424032c;02d8dd0f-7863-488c-a46f-72292aa1ebbb;credit;Service Income;999;Labor: DELL LATITUDE;2026-07-13 07:03:00.888063+00;3af5d475-8eaa-4130-a8b5-5253b8f478f8;a7f33a24-0f92-4a7d-b7e2-df3f1424032c
b3c5425f-6937-4fa0-8f50-b8a14de7ee7b;a7f33a24-0f92-4a7d-b7e2-df3f1424032c;b984451f-1e15-4e69-a108-e23ad8823d89;debit;Cash;999;Service receipt: OG-INV-00034;2026-07-14 07:55:46.598007+00;3af5d475-8eaa-4130-a8b5-5253b8f478f8;a7f33a24-0f92-4a7d-b7e2-df3f1424032c
b258307e-eb78-4275-902f-fbaf3ed623ed;a7f33a24-0f92-4a7d-b7e2-df3f1424032c;b984451f-1e15-4e69-a108-e23ad8823d89;credit;Service Income;999;Labor: ideapad;2026-07-14 07:55:46.598007+00;3af5d475-8eaa-4130-a8b5-5253b8f478f8;a7f33a24-0f92-4a7d-b7e2-df3f1424032c
fdcdcb50-f48c-45a4-ba48-3c214075b6bf;a7f33a24-0f92-4a7d-b7e2-df3f1424032c;b4f5b177-dc71-4938-b650-2310e400f825;debit;Cash;999;Service receipt: OG-INV-00035;2026-07-14 07:56:11.42958+00;3af5d475-8eaa-4130-a8b5-5253b8f478f8;a7f33a24-0f92-4a7d-b7e2-df3f1424032c
e6691284-7289-423a-b587-c80f0ed85e3f;a7f33a24-0f92-4a7d-b7e2-df3f1424032c;b4f5b177-dc71-4938-b650-2310e400f825;credit;Service Income;999;Labor: THINKPAD;2026-07-14 07:56:11.42958+00;3af5d475-8eaa-4130-a8b5-5253b8f478f8;a7f33a24-0f92-4a7d-b7e2-df3f1424032c
090e0b73-df38-4678-ac02-1721b4e9d8d5;a24f0333-9056-4c23-893b-8acbc1c57ec1;b23abf45-c3a5-42ba-8ce8-94517099ff12;debit;Cash;6451;Service receipt: OG-GST-00009;2026-07-23 10:03:03.774554+00;3af5d475-8eaa-4130-a8b5-5253b8f478f8;a24f0333-9056-4c23-893b-8acbc1c57ec1
abeac5b7-3a51-4226-bf4d-e6ed194af4d5;a24f0333-9056-4c23-893b-8acbc1c57ec1;b23abf45-c3a5-42ba-8ce8-94517099ff12;credit;GST Payable;984.06;GST 18% payable: OG-GST-00009;2026-07-23 10:03:03.774554+00;3af5d475-8eaa-4130-a8b5-5253b8f478f8;a24f0333-9056-4c23-893b-8acbc1c57ec1
0e22a12b-2fcc-4e1e-8469-cf9371a2a42d;a24f0333-9056-4c23-893b-8acbc1c57ec1;b23abf45-c3a5-42ba-8ce8-94517099ff12;credit;Revenue;5467;Parts sold: OG-JOB-00031;2026-07-23 10:03:03.774554+00;3af5d475-8eaa-4130-a8b5-5253b8f478f8;a24f0333-9056-4c23-893b-8acbc1c57ec1
6aa4eea1-7831-4b6a-b41c-267fc59206d0;a24f0333-9056-4c23-893b-8acbc1c57ec1;b23abf45-c3a5-42ba-8ce8-94517099ff12;debit;COGS;3068;Parts cost: OG-JOB-00031;2026-07-23 10:03:03.774554+00;3af5d475-8eaa-4130-a8b5-5253b8f478f8;a24f0333-9056-4c23-893b-8acbc1c57ec1
2a0cc3a5-736d-47c2-ae23-4f46ffb627ed;a24f0333-9056-4c23-893b-8acbc1c57ec1;b23abf45-c3a5-42ba-8ce8-94517099ff12;credit;Inventory;3068;Parts cost: OG-JOB-00031;2026-07-23 10:03:03.774554+00;3af5d475-8eaa-4130-a8b5-5253b8f478f8;a24f0333-9056-4c23-893b-8acbc1c57ec1
c92fe15c-a73a-4a94-be14-e5426aad66cd;a24f0333-9056-4c23-893b-8acbc1c57ec1;abafac95-a514-4f1d-a2b0-412c7918f511;debit;Cash;7489;Service receipt: OG-INV-00036;2026-07-23 10:14:01.074869+00;3af5d475-8eaa-4130-a8b5-5253b8f478f8;a24f0333-9056-4c23-893b-8acbc1c57ec1
d7c918f9-d802-4e9f-9ff4-2e553fa5df42;a24f0333-9056-4c23-893b-8acbc1c57ec1;abafac95-a514-4f1d-a2b0-412c7918f511;credit;Service Income;999;Labor: HP;2026-07-23 10:14:01.074869+00;3af5d475-8eaa-4130-a8b5-5253b8f478f8;a24f0333-9056-4c23-893b-8acbc1c57ec1
86fda723-5995-4776-8967-dd2f30b8ad06;a24f0333-9056-4c23-893b-8acbc1c57ec1;abafac95-a514-4f1d-a2b0-412c7918f511;credit;Revenue;6500;Parts sold: OG-JOB-00030;2026-07-23 10:14:01.074869+00;3af5d475-8eaa-4130-a8b5-5253b8f478f8;a24f0333-9056-4c23-893b-8acbc1c57ec1
a9716e5d-a496-4e8b-a8c4-2c45c2345f8e;a24f0333-9056-4c23-893b-8acbc1c57ec1;abafac95-a514-4f1d-a2b0-412c7918f511;debit;Discount;10;Discount: OG-INV-00036;2026-07-23 10:14:01.074869+00;3af5d475-8eaa-4130-a8b5-5253b8f478f8;a24f0333-9056-4c23-893b-8acbc1c57ec1
e212a8f7-70c0-475f-98de-b331ab64034c;a24f0333-9056-4c23-893b-8acbc1c57ec1;abafac95-a514-4f1d-a2b0-412c7918f511;credit;Cash;10;Discount: OG-INV-00036;2026-07-23 10:14:01.074869+00;3af5d475-8eaa-4130-a8b5-5253b8f478f8;a24f0333-9056-4c23-893b-8acbc1c57ec1
2c57ad74-fc9c-4608-9492-fa938ab70191;a24f0333-9056-4c23-893b-8acbc1c57ec1;74910936-c893-4b5e-b853-766756480f33;debit;Cash;6500;Service receipt: OG-INV-00037;2026-07-23 10:15:50.939043+00;3af5d475-8eaa-4130-a8b5-5253b8f478f8;a24f0333-9056-4c23-893b-8acbc1c57ec1
40436249-a52a-4881-9584-745503960b25;a24f0333-9056-4c23-893b-8acbc1c57ec1;74910936-c893-4b5e-b853-766756480f33;credit;Service Income;999;Labor: IDEAPAD;2026-07-23 10:15:50.939043+00;3af5d475-8eaa-4130-a8b5-5253b8f478f8;a24f0333-9056-4c23-893b-8acbc1c57ec1
5bf532ca-b910-461f-95a9-b6e8e91c3c9e;a24f0333-9056-4c23-893b-8acbc1c57ec1;74910936-c893-4b5e-b853-766756480f33;credit;Revenue;6500;Parts sold: OG-JOB-00029;2026-07-23 10:15:50.939043+00;3af5d475-8eaa-4130-a8b5-5253b8f478f8;a24f0333-9056-4c23-893b-8acbc1c57ec1
2611f65e-ac01-4890-b14d-acbd60ebdbc2;a24f0333-9056-4c23-893b-8acbc1c57ec1;74910936-c893-4b5e-b853-766756480f33;debit;Discount;999;Discount: OG-INV-00037;2026-07-23 10:15:50.939043+00;3af5d475-8eaa-4130-a8b5-5253b8f478f8;a24f0333-9056-4c23-893b-8acbc1c57ec1
c0c05abb-7cc1-4fa2-a954-251f11f00b3e;a24f0333-9056-4c23-893b-8acbc1c57ec1;74910936-c893-4b5e-b853-766756480f33;credit;Cash;999;Discount: OG-INV-00037;2026-07-23 10:15:50.939043+00;3af5d475-8eaa-4130-a8b5-5253b8f478f8;a24f0333-9056-4c23-893b-8acbc1c57ec1
02bcc796-e043-4fac-9ab5-db39bbcb5feb;a24f0333-9056-4c23-893b-8acbc1c57ec1;a4f942cd-2caf-4ad4-bc7c-f2e47e78e07f;debit;Cash;2500;Service receipt: OG-GST-00010;2026-07-29 12:14:45.588106+00;3af5d475-8eaa-4130-a8b5-5253b8f478f8;a24f0333-9056-4c23-893b-8acbc1c57ec1
f9a09aa8-cdb9-49d6-a38e-b8bfdc3fe521;a24f0333-9056-4c23-893b-8acbc1c57ec1;a4f942cd-2caf-4ad4-bc7c-f2e47e78e07f;credit;GST Payable;381.42;GST 18% payable: OG-GST-00010;2026-07-29 12:14:45.588106+00;3af5d475-8eaa-4130-a8b5-5253b8f478f8;a24f0333-9056-4c23-893b-8acbc1c57ec1
7eeeabdd-f946-4c75-b2b7-cf19eae2534a;a24f0333-9056-4c23-893b-8acbc1c57ec1;a4f942cd-2caf-4ad4-bc7c-f2e47e78e07f;credit;Service Income;619;Labor: Inspiron 14;2026-07-29 12:14:45.588106+00;3af5d475-8eaa-4130-a8b5-5253b8f478f8;a24f0333-9056-4c23-893b-8acbc1c57ec1
dde7db8c-82ec-4095-949a-50d1c07d1dac;a24f0333-9056-4c23-893b-8acbc1c57ec1;a4f942cd-2caf-4ad4-bc7c-f2e47e78e07f;credit;Revenue;1500;Parts sold: OG-JOB-00032;2026-07-29 12:14:45.588106+00;3af5d475-8eaa-4130-a8b5-5253b8f478f8;a24f0333-9056-4c23-893b-8acbc1c57ec1
2b1edb70-7d66-4f75-b038-fef3c3674949;a24f0333-9056-4c23-893b-8acbc1c57ec1;a4f942cd-2caf-4ad4-bc7c-f2e47e78e07f;debit;COGS;413;Parts cost: OG-JOB-00032;2026-07-29 12:14:45.588106+00;3af5d475-8eaa-4130-a8b5-5253b8f478f8;a24f0333-9056-4c23-893b-8acbc1c57ec1
5b0b2b4e-a413-4a0e-962e-52110f9e4c86;a24f0333-9056-4c23-893b-8acbc1c57ec1;a4f942cd-2caf-4ad4-bc7c-f2e47e78e07f;credit;Inventory;413;Parts cost: OG-JOB-00032;2026-07-29 12:14:45.588106+00;3af5d475-8eaa-4130-a8b5-5253b8f478f8;a24f0333-9056-4c23-893b-8acbc1c57ec1
831d3c44-6b24-4f78-b076-70061e7b5d6b;a24f0333-9056-4c23-893b-8acbc1c57ec1;1fbe49b4-39a8-457f-b15c-1237b2874632;debit;Cash;34000;Sale: Lenovo ThinkPad T14s [PC1ZYZ3M];2026-08-20 06:19:55.454136+00;3af5d475-8eaa-4130-a8b5-5253b8f478f8;a24f0333-9056-4c23-893b-8acbc1c57ec1
85c9910f-1118-465b-9cba-20bb98008044;a24f0333-9056-4c23-893b-8acbc1c57ec1;1fbe49b4-39a8-457f-b15c-1237b2874632;credit;Revenue;34000;Sale: Lenovo ThinkPad T14s [PC1ZYZ3M];2026-08-20 06:19:55.454136+00;3af5d475-8eaa-4130-a8b5-5253b8f478f8;a24f0333-9056-4c23-893b-8acbc1c57ec1
23252f4c-4731-49c1-a6cd-3a7a4814290d;a24f0333-9056-4c23-893b-8acbc1c57ec1;1fbe49b4-39a8-457f-b15c-1237b2874632;debit;COGS;26000;Cost: Lenovo ThinkPad T14s [PC1ZYZ3M];2026-08-20 06:19:55.454136+00;3af5d475-8eaa-4130-a8b5-5253b8f478f8;a24f0333-9056-4c23-893b-8acbc1c57ec1
00b02709-89a5-40fa-848f-1d24ee168265;a24f0333-9056-4c23-893b-8acbc1c57ec1;1fbe49b4-39a8-457f-b15c-1237b2874632;credit;Inventory;26000;Cost: Lenovo ThinkPad T14s [PC1ZYZ3M];2026-08-20 06:19:55.454136+00;3af5d475-8eaa-4130-a8b5-5253b8f478f8;a24f0333-9056-4c23-893b-8acbc1c57ec1
7ce14fe7-cedd-4681-91ca-2612f9112c45;a24f0333-9056-4c23-893b-8acbc1c57ec1;65ccf275-ae60-4bc6-941e-73f6446a48b1;debit;Cash;500;Sale: Dell WM118 Wireless Mouse [CN-0TGP8R-L0300-5CD-045P-A02];2026-08-21 13:28:14.630542+00;3af5d475-8eaa-4130-a8b5-5253b8f478f8;a24f0333-9056-4c23-893b-8acbc1c57ec1
cc380c7a-c87b-4917-862f-91034a65de13;a24f0333-9056-4c23-893b-8acbc1c57ec1;65ccf275-ae60-4bc6-941e-73f6446a48b1;credit;Revenue;500;Sale: Dell WM118 Wireless Mouse [CN-0TGP8R-L0300-5CD-045P-A02];2026-08-21 13:28:14.630542+00;3af5d475-8eaa-4130-a8b5-5253b8f478f8;a24f0333-9056-4c23-893b-8acbc1c57ec1
3fded903-d95e-4a0b-8bfe-181f029fd6f6;a24f0333-9056-4c23-893b-8acbc1c57ec1;65ccf275-ae60-4bc6-941e-73f6446a48b1;debit;COGS;496;Cost: Dell WM118 Wireless Mouse [CN-0TGP8R-L0300-5CD-045P-A02];2026-08-21 13:28:14.630542+00;3af5d475-8eaa-4130-a8b5-5253b8f478f8;a24f0333-9056-4c23-893b-8acbc1c57ec1
81c484b4-b1c5-406b-8dd4-58186d708705;a24f0333-9056-4c23-893b-8acbc1c57ec1;65ccf275-ae60-4bc6-941e-73f6446a48b1;credit;Inventory;496;Cost: Dell WM118 Wireless Mouse [CN-0TGP8R-L0300-5CD-045P-A02];2026-08-21 13:28:14.630542+00;3af5d475-8eaa-4130-a8b5-5253b8f478f8;a24f0333-9056-4c23-893b-8acbc1c57ec1
1d74a2ff-5ed0-4d4e-9079-80c08555e608;a24f0333-9056-4c23-893b-8acbc1c57ec1;65ccf275-ae60-4bc6-941e-73f6446a48b1;debit;Revenue;76.27;GST extracted (incl.): OG-GST-00012;2026-08-21 13:28:14.630542+00;3af5d475-8eaa-4130-a8b5-5253b8f478f8;a24f0333-9056-4c23-893b-8acbc1c57ec1
25fd96da-2cee-41dd-bc6b-32150fb17640;a24f0333-9056-4c23-893b-8acbc1c57ec1;65ccf275-ae60-4bc6-941e-73f6446a48b1;credit;GST Payable;76.27;GST 18% payable: OG-GST-00012;2026-08-21 13:28:14.630542+00;3af5d475-8eaa-4130-a8b5-5253b8f478f8;a24f0333-9056-4c23-893b-8acbc1c57ec1
f199645f-de74-4517-9f85-4c6b322ab787;a24f0333-9056-4c23-893b-8acbc1c57ec1;8f91ab0e-5e3e-439a-a9cb-8823f57330b3;debit;Cash;31000;Sale: Lenovo ThinkPad E14 [PG03ZA11];2026-08-21 13:31:28.881608+00;3af5d475-8eaa-4130-a8b5-5253b8f478f8;a24f0333-9056-4c23-893b-8acbc1c57ec1
a68725a0-02b7-4f78-a6c8-238913345ad9;a24f0333-9056-4c23-893b-8acbc1c57ec1;8f91ab0e-5e3e-439a-a9cb-8823f57330b3;credit;Revenue;31000;Sale: Lenovo ThinkPad E14 [PG03ZA11];2026-08-21 13:31:28.881608+00;3af5d475-8eaa-4130-a8b5-5253b8f478f8;a24f0333-9056-4c23-893b-8acbc1c57ec1
f7776827-ae30-4fe4-9dac-55689c2b3d40;a24f0333-9056-4c23-893b-8acbc1c57ec1;8f91ab0e-5e3e-439a-a9cb-8823f57330b3;debit;COGS;27500;Cost: Lenovo ThinkPad E14 [PG03ZA11];2026-08-21 13:31:28.881608+00;3af5d475-8eaa-4130-a8b5-5253b8f478f8;a24f0333-9056-4c23-893b-8acbc1c57ec1
da899ee7-a6a0-44ea-991c-5a5c0cc7c3a5;a24f0333-9056-4c23-893b-8acbc1c57ec1;8f91ab0e-5e3e-439a-a9cb-8823f57330b3;credit;Inventory;27500;Cost: Lenovo ThinkPad E14 [PG03ZA11];2026-08-21 13:31:28.881608+00;3af5d475-8eaa-4130-a8b5-5253b8f478f8;a24f0333-9056-4c23-893b-8acbc1c57ec1