id;user_id;name;category;brand;serial_imei;ram;storage;condition;purchase_price;selling_price;battery_health;warranty_expiry;notes;status;is_public;image_url;created_at;updated_at;device_age_value;device_age_unit;has_original_bill;has_original_box;is_global_variant;description;video_url;key_highlights;hsn_code;vendor_id;vendor_invoice_no;purchase_date;tenant_id;created_by
a183a201-f125-4276-9c2c-beac128e3c53;a24f0333-9056-4c23-893b-8acbc1c57ec1;ThinkPad P14s;Laptop;Lenovo;PF22E40Z;8GB;256GB;Used;25000.00;28500.00;;;;Sold;false;;2026-06-06 13:06:58.340475+00;2026-06-06 14:24:23.761855+00;;Months;false;false;false;;;;;ca35448d-df62-4e9c-a736-aa5f7792966c;;;3af5d475-8eaa-4130-a8b5-5253b8f478f8;a24f0333-9056-4c23-893b-8acbc1c57ec1
620431a7-643a-4b0a-8448-52e5cbb00e23;a24f0333-9056-4c23-893b-8acbc1c57ec1;Quick Heal Essential;Accessory;Quick Heal;E25-/er1-34766;;;New;260.00;600.00;;;;Sold;false;https://wgzfsllyrdxokydsrtxl.supabase.co/storage/v1/object/public/product-images/a24f0333-9056-4c23-893b-8acbc1c57ec1/0e64d61b-78e6-410b-b6a0-f1ee949e01ec/1be30602-e524-4ffe-9987-e726fad21a1d.JPG;2026-05-26 08:27:42.704587+00;2026-07-01 12:23:27.670651+00;;Months;false;false;false;;;;85238020;44b55c8e-5d38-4c05-bfb1-fe5085efdca3;GST/0119/2026-27;2026-05-13;3af5d475-8eaa-4130-a8b5-5253b8f478f8;a24f0333-9056-4c23-893b-8acbc1c57ec1
a8837801-abf6-433e-9447-aef70515cc8e;a24f0333-9056-4c23-893b-8acbc1c57ec1;iPhone 17 Pro;Phone;Apple;J0LXTJ4HV9;12GB;256GB;New;116000.00;122000.00;100;9999-12-31;;Sold;false;https://wgzfsllyrdxokydsrtxl.supabase.co/storage/v1/object/public/product-images/a24f0333-9056-4c23-893b-8acbc1c57ec1/a8837801-abf6-433e-9447-aef70515cc8e/71850102-9b82-4bad-8ce5-dbfa9442ba8a.jpg,https://wgzfsllyrdxokydsrtxl.supabase.co/storage/v1/object/public/product-images/a24f0333-9056-4c23-893b-8acbc1c57ec1/a8837801-abf6-433e-9447-aef70515cc8e/b9bc0d55-8398-4938-a3c4-13c44a3dbabc.jpg;2026-04-28 11:39:52.22338+00;2026-04-29 07:39:46.186518+00;;Months;false;false;true;;;;;ca35448d-df62-4e9c-a736-aa5f7792966c;;2026-04-28;3af5d475-8eaa-4130-a8b5-5253b8f478f8;a24f0333-9056-4c23-893b-8acbc1c57ec1
60a0cfb3-462d-430d-84a8-7d4c398b3e84;a24f0333-9056-4c23-893b-8acbc1c57ec1;MacBook Air M1;Laptop;Apple;FVFGQ61WQ6LR;;256GB;Used;24000.00;26500.00;;;;Sold;false;;2026-05-16 09:24:16.098487+00;2026-05-18 14:38:36.055793+00;;Months;false;false;false;;;;;58e5b5e4-a6ee-4294-bc63-7a629f76ae71;;;3af5d475-8eaa-4130-a8b5-5253b8f478f8;a24f0333-9056-4c23-893b-8acbc1c57ec1
87a0276a-4ce6-43a5-9800-38bd7be3d7af;a24f0333-9056-4c23-893b-8acbc1c57ec1;Quick Heal Essential;Accessory;Quick Heal;E25-ler1-34764;;;New;260.00;600.00;;;;In Stock;false;https://wgzfsllyrdxokydsrtxl.supabase.co/storage/v1/object/public/product-images/a24f0333-9056-4c23-893b-8acbc1c57ec1/0e64d61b-78e6-410b-b6a0-f1ee949e01ec/1be30602-e524-4ffe-9987-e726fad21a1d.JPG;2026-05-26 08:27:42.704587+00;2026-05-26 08:27:42.704587+00;;Months;false;false;false;;;;85238020;44b55c8e-5d38-4c05-bfb1-fe5085efdca3;GST/0119/2026-27;2026-05-13;3af5d475-8eaa-4130-a8b5-5253b8f478f8;a24f0333-9056-4c23-893b-8acbc1c57ec1
a75fb5af-919b-4e61-824b-7390cae93733;a24f0333-9056-4c23-893b-8acbc1c57ec1;HP KM160 Wired Mouse and Keyboard Wired USB;Accessory;HP;KM160250206618;;;New;590.00;999.00;;9999-12-31;;In Stock;true;https://wgzfsllyrdxokydsrtxl.supabase.co/storage/v1/object/public/product-images/a24f0333-9056-4c23-893b-8acbc1c57ec1/313b9a4c-fed8-4585-a08c-dcd3f918095e/391dc2b1-f4c5-496c-a578-4f146d4bcb9c.webp;2026-05-12 13:08:36.87602+00;2026-06-04 08:08:55.006593+00;;Months;false;false;false;HP KM160 Wired Mouse and Keyboard Wired USB Standard Multi-device Keyboard Compatible with Desktop, Laptop, Mac (Black);;;84716040;65e35860-b717-4057-bb67-1fd41c39150c;IIS/24-25/0052;2026-05-21;3af5d475-8eaa-4130-a8b5-5253b8f478f8;a24f0333-9056-4c23-893b-8acbc1c57ec1
8e6143f0-cec3-4f1b-b175-0c08af4a85d4;a24f0333-9056-4c23-893b-8acbc1c57ec1;STOLT Laptop Bag;Accessory;STOLT Basics;12;;;New;0.00;799.00;;;;In Stock;false;;2026-06-06 13:14:10.266036+00;2026-06-06 13:14:50.251823+00;;Months;false;false;false;;;;;ca35448d-df62-4e9c-a736-aa5f7792966c;;;3af5d475-8eaa-4130-a8b5-5253b8f478f8;a24f0333-9056-4c23-893b-8acbc1c57ec1
4dd14c3e-7509-48e5-8956-bd833e8df93b;a24f0333-9056-4c23-893b-8acbc1c57ec1;STOLT Laptop Bag;Accessory;STOLT Basics;21;;;New;0.00;799.00;;;;Sold;false;;2026-06-06 13:14:10.266036+00;2026-06-06 14:24:24.413279+00;;Months;false;false;false;;;;;ca35448d-df62-4e9c-a736-aa5f7792966c;;;3af5d475-8eaa-4130-a8b5-5253b8f478f8;a24f0333-9056-4c23-893b-8acbc1c57ec1
33b4b662-f617-4c0f-a695-82aefa4a5b39;a24f0333-9056-4c23-893b-8acbc1c57ec1;STOLT Laptop Bag;Accessory;STOLT Basics;32;;;New;0.00;799.00;;;;Sold;false;;2026-06-06 13:14:10.266036+00;2026-06-07 04:32:06.897739+00;;Months;false;false;false;;;;;ca35448d-df62-4e9c-a736-aa5f7792966c;;;3af5d475-8eaa-4130-a8b5-5253b8f478f8;a24f0333-9056-4c23-893b-8acbc1c57ec1
be7e3398-c831-4a83-8729-a6d108b5642d;a24f0333-9056-4c23-893b-8acbc1c57ec1;Quick Heal Essential;Accessory;Quick Heal;E25-ler1-34767;;;New;260.00;600.00;;;;In Stock;false;https://wgzfsllyrdxokydsrtxl.supabase.co/storage/v1/object/public/product-images/a24f0333-9056-4c23-893b-8acbc1c57ec1/0e64d61b-78e6-410b-b6a0-f1ee949e01ec/1be30602-e524-4ffe-9987-e726fad21a1d.JPG;2026-05-26 08:27:42.704587+00;2026-05-26 08:27:42.704587+00;;Months;false;false;false;;;;85238020;44b55c8e-5d38-4c05-bfb1-fe5085efdca3;GST/0119/2026-27;2026-05-13;3af5d475-8eaa-4130-a8b5-5253b8f478f8;a24f0333-9056-4c23-893b-8acbc1c57ec1
7e056f17-5b3c-4d6a-8b68-22c48512aede;a24f0333-9056-4c23-893b-8acbc1c57ec1;Quick Heal Essential;Accessory;Quick Heal;E25-ler1-34769;;;New;260.00;600.00;;;;In Stock;false;https://wgzfsllyrdxokydsrtxl.supabase.co/storage/v1/object/public/product-images/a24f0333-9056-4c23-893b-8acbc1c57ec1/0e64d61b-78e6-410b-b6a0-f1ee949e01ec/1be30602-e524-4ffe-9987-e726fad21a1d.JPG;2026-05-26 08:27:42.704587+00;2026-05-26 08:27:42.704587+00;;Months;false;false;false;;;;85238020;44b55c8e-5d38-4c05-bfb1-fe5085efdca3;GST/0119/2026-27;2026-05-13;3af5d475-8eaa-4130-a8b5-5253b8f478f8;a24f0333-9056-4c23-893b-8acbc1c57ec1
9b693e5b-5dc4-4c75-a65d-1dce3f713952;a24f0333-9056-4c23-893b-8acbc1c57ec1;Boat Rockerz Prime 210ANC;Accessory;Boat;8905650116168;;;New;1195.00;1500.00;;9999-12-31;;Sold;false;;2026-06-22 14:05:31.423168+00;2026-06-22 14:06:51.331415+00;;Months;true;true;false;;;;;;;;3af5d475-8eaa-4130-a8b5-5253b8f478f8;a24f0333-9056-4c23-893b-8acbc1c57ec1
d7c55333-ea9f-4934-836c-1bd42b9b5680;a24f0333-9056-4c23-893b-8acbc1c57ec1;HP S500 WIRELESS MOUSE;Accessory;HP;7CH552GHBN;;;New;496.00;649.00;;9999-12-31;;In Stock;true;https://wgzfsllyrdxokydsrtxl.supabase.co/storage/v1/object/public/product-images/a24f0333-9056-4c23-893b-8acbc1c57ec1/d07b129c-4ccb-44ef-8a55-855268df136c/81694550-721a-4c0b-8dfa-9e4dc2e19372.webp,https://wgzfsllyrdxokydsrtxl.supabase.co/storage/v1/object/public/product-images/a24f0333-9056-4c23-893b-8acbc1c57ec1/d07b129c-4ccb-44ef-8a55-855268df136c/30cea3cb-e693-4904-a80b-179f1333b319.webp;2026-05-12 13:29:47.780528+00;2026-06-04 08:08:55.006593+00;;Months;false;false;false;HP S500 WIRELESS MOUSE Ambidextrous Optical Mouse;;;84716060;65e35860-b717-4057-bb67-1fd41c39150c;IIS/24-25/0052;2026-05-21;3af5d475-8eaa-4130-a8b5-5253b8f478f8;a24f0333-9056-4c23-893b-8acbc1c57ec1
e68c3cba-7c8e-4b36-bc1b-9012095c4173;a24f0333-9056-4c23-893b-8acbc1c57ec1;HP S500 WIRELESS MOUSE;Accessory;HP;7CH552GHBK;;;New;496.00;649.00;;9999-12-31;;In Stock;true;https://wgzfsllyrdxokydsrtxl.supabase.co/storage/v1/object/public/product-images/a24f0333-9056-4c23-893b-8acbc1c57ec1/d07b129c-4ccb-44ef-8a55-855268df136c/81694550-721a-4c0b-8dfa-9e4dc2e19372.webp,https://wgzfsllyrdxokydsrtxl.supabase.co/storage/v1/object/public/product-images/a24f0333-9056-4c23-893b-8acbc1c57ec1/d07b129c-4ccb-44ef-8a55-855268df136c/30cea3cb-e693-4904-a80b-179f1333b319.webp;2026-05-12 13:29:47.780528+00;2026-06-04 08:08:55.006593+00;;Months;false;false;false;HP S500 WIRELESS MOUSE Ambidextrous Optical Mouse;;;84716060;65e35860-b717-4057-bb67-1fd41c39150c;IIS/24-25/0052;2026-05-21;3af5d475-8eaa-4130-a8b5-5253b8f478f8;a24f0333-9056-4c23-893b-8acbc1c57ec1
ea5022bb-40d1-4bcf-88cd-ae366ecf88c9;a24f0333-9056-4c23-893b-8acbc1c57ec1;boat Wave Astra 3;Accessory;boat;8905650068771;;;New;1950.00;2000.00;;9999-12-31;;Sold;false;;2026-06-22 14:15:59.378752+00;2026-06-22 14:17:27.194241+00;;Months;true;true;false;;;;;;;;3af5d475-8eaa-4130-a8b5-5253b8f478f8;a24f0333-9056-4c23-893b-8acbc1c57ec1
05999c1a-9904-4488-9b9b-0922bd80fc72;a24f0333-9056-4c23-893b-8acbc1c57ec1;Lenovo ThinkPad X13 Gen 2;Laptop;Lenovo;PC2JLM42;16GB;256GB;Used;22800.00;31000.00;;;;Sold;false;https://wgzfsllyrdxokydsrtxl.supabase.co/storage/v1/object/public/product-images/a24f0333-9056-4c23-893b-8acbc1c57ec1/05e26eb3-4ef2-43dc-a444-08bbcd5bbe0b/16372c29-d8c8-421e-9924-63719f158658.JPG,https://wgzfsllyrdxokydsrtxl.supabase.co/storage/v1/object/public/product-images/a24f0333-9056-4c23-893b-8acbc1c57ec1/05e26eb3-4ef2-43dc-a444-08bbcd5bbe0b/af0a3ed8-ae27-4a83-8751-cd6f34d697e3.JPG,https://wgzfsllyrdxokydsrtxl.supabase.co/storage/v1/object/public/product-images/a24f0333-9056-4c23-893b-8acbc1c57ec1/05e26eb3-4ef2-43dc-a444-08bbcd5bbe0b/593e02dc-73d2-4e57-87b3-dd3ce6aa48c2.JPG,https://wgzfsllyrdxokydsrtxl.supabase.co/storage/v1/object/public/product-images/a24f0333-9056-4c23-893b-8acbc1c57ec1/05e26eb3-4ef2-43dc-a444-08bbcd5bbe0b/73cda948-c6cb-47e4-a1ae-2793057f7521.JPG,https://wgzfsllyrdxokydsrtxl.supabase.co/storage/v1/object/public/product-images/a24f0333-9056-4c23-893b-8acbc1c57ec1/05e26eb3-4ef2-43dc-a444-08bbcd5bbe0b/7f1132c8-8495-4af3-8c71-23d854b85697.JPG;2026-05-16 14:14:54.564609+00;2026-07-01 11:19:51.566659+00;3;Years;false;false;false;Lenovo ThinkPad x13 Gen2 Intel Core™ i5-1145G7 vPro®/Intel® Iris® Xe Graphics/ 16GB Ram /512GB SSD/Win 10pro;;;;ca35448d-df62-4e9c-a736-aa5f7792966c;;;3af5d475-8eaa-4130-a8b5-5253b8f478f8;a24f0333-9056-4c23-893b-8acbc1c57ec1
72846d41-3b53-4247-81d6-a7b2d9c057e5;a24f0333-9056-4c23-893b-8acbc1c57ec1;MacBook Air M1;Laptop;Apple;FVFGQ6M8Q6LR;;256GB;Used;24000.00;26000.00;;;;Sold;false;;2026-05-12 14:58:58.18654+00;2026-05-12 15:10:28.880262+00;;Months;false;false;false;;;;;58e5b5e4-a6ee-4294-bc63-7a629f76ae71;;;3af5d475-8eaa-4130-a8b5-5253b8f478f8;a24f0333-9056-4c23-893b-8acbc1c57ec1
b0ac9873-6336-48a1-aa99-ca4b40eb69ca;a24f0333-9056-4c23-893b-8acbc1c57ec1;MacBook Air M1;Laptop;Apple;FVFGP6TYQ6LR;;256GB;Used;24000.00;26000.00;;;;Sold;false;;2026-05-12 14:58:58.18654+00;2026-05-12 15:10:29.273487+00;;Months;false;false;false;;;;;58e5b5e4-a6ee-4294-bc63-7a629f76ae71;;;3af5d475-8eaa-4130-a8b5-5253b8f478f8;a24f0333-9056-4c23-893b-8acbc1c57ec1
42671a22-1ada-4496-bc08-a584873f2a02;a24f0333-9056-4c23-893b-8acbc1c57ec1;MacBook Air M1;Laptop;Apple;FVFHKOCGQ6LR;;256GB;Used;24000.00;26000.00;;;;Sold;false;;2026-05-12 14:58:58.18654+00;2026-05-12 15:10:29.774405+00;;Months;false;false;false;;;;;58e5b5e4-a6ee-4294-bc63-7a629f76ae71;;;3af5d475-8eaa-4130-a8b5-5253b8f478f8;a24f0333-9056-4c23-893b-8acbc1c57ec1
1b7c37e8-f794-4567-817e-2bbd8b8538a0;a24f0333-9056-4c23-893b-8acbc1c57ec1;MacBook Air M1;Laptop;Apple;FVFGW057Q6LR;;256GB;Used;24000.00;26000.00;;;;Sold;false;;2026-05-12 14:58:58.18654+00;2026-05-12 15:10:29.995376+00;;Months;false;false;false;;;;;58e5b5e4-a6ee-4294-bc63-7a629f76ae71;;;3af5d475-8eaa-4130-a8b5-5253b8f478f8;a24f0333-9056-4c23-893b-8acbc1c57ec1
9804fced-f9f9-427d-95e1-c334fca94860;a24f0333-9056-4c23-893b-8acbc1c57ec1;MacBook Air M1;Laptop;Apple;FVFGW0GBQ6LR;;256GB;Used;24000.00;26000.00;;;;Sold;false;;2026-05-12 14:58:58.18654+00;2026-05-12 15:10:30.205856+00;;Months;false;false;false;;;;;58e5b5e4-a6ee-4294-bc63-7a629f76ae71;;;3af5d475-8eaa-4130-a8b5-5253b8f478f8;a24f0333-9056-4c23-893b-8acbc1c57ec1
852823b1-6e66-4885-a26f-6dd02c901abb;a24f0333-9056-4c23-893b-8acbc1c57ec1;MacBook Air M1;Laptop;Apple;FVFGP73RQ6LR;;256GB;Used;24000.00;26000.00;;;;Sold;false;;2026-05-12 14:58:58.18654+00;2026-05-12 15:10:30.4059+00;;Months;false;false;false;;;;;58e5b5e4-a6ee-4294-bc63-7a629f76ae71;;;3af5d475-8eaa-4130-a8b5-5253b8f478f8;a24f0333-9056-4c23-893b-8acbc1c57ec1
03e51d29-6c67-4ec5-b350-c3f535328a75;a24f0333-9056-4c23-893b-8acbc1c57ec1;Quick Heal Essential;Accessory;Quick Heal;E25-/er1-34771;;;New;260.00;600.00;;;;In Stock;false;https://wgzfsllyrdxokydsrtxl.supabase.co/storage/v1/object/public/product-images/a24f0333-9056-4c23-893b-8acbc1c57ec1/0e64d61b-78e6-410b-b6a0-f1ee949e01ec/1be30602-e524-4ffe-9987-e726fad21a1d.JPG;2026-05-26 08:27:42.704587+00;2026-05-26 08:27:42.704587+00;;Months;false;false;false;;;;85238020;44b55c8e-5d38-4c05-bfb1-fe5085efdca3;GST/0119/2026-27;2026-05-13;3af5d475-8eaa-4130-a8b5-5253b8f478f8;a24f0333-9056-4c23-893b-8acbc1c57ec1
d5d6aacb-20e1-4c10-afe9-e8b2d5872c7a;a24f0333-9056-4c23-893b-8acbc1c57ec1;Quick Heal Essential;Accessory;Quick Heal;E25-ler1-34772;;;New;260.00;600.00;;;;In Stock;false;https://wgzfsllyrdxokydsrtxl.supabase.co/storage/v1/object/public/product-images/a24f0333-9056-4c23-893b-8acbc1c57ec1/0e64d61b-78e6-410b-b6a0-f1ee949e01ec/1be30602-e524-4ffe-9987-e726fad21a1d.JPG;2026-05-26 08:27:42.704587+00;2026-05-26 08:27:42.704587+00;;Months;false;false;false;;;;85238020;44b55c8e-5d38-4c05-bfb1-fe5085efdca3;GST/0119/2026-27;2026-05-13;3af5d475-8eaa-4130-a8b5-5253b8f478f8;a24f0333-9056-4c23-893b-8acbc1c57ec1
c8560ad2-24fd-427c-934c-20ce8083d254;a24f0333-9056-4c23-893b-8acbc1c57ec1;Quick Heal Essential;Accessory;Quick Heal;E25-ler1-34774;;;New;260.00;600.00;;;;In Stock;false;https://wgzfsllyrdxokydsrtxl.supabase.co/storage/v1/object/public/product-images/a24f0333-9056-4c23-893b-8acbc1c57ec1/0e64d61b-78e6-410b-b6a0-f1ee949e01ec/1be30602-e524-4ffe-9987-e726fad21a1d.JPG;2026-05-26 08:27:42.704587+00;2026-05-26 08:27:42.704587+00;;Months;false;false;false;;;;85238020;44b55c8e-5d38-4c05-bfb1-fe5085efdca3;GST/0119/2026-27;2026-05-13;3af5d475-8eaa-4130-a8b5-5253b8f478f8;a24f0333-9056-4c23-893b-8acbc1c57ec1
6c4a6a40-af51-464e-8cce-5d6f14573fda;a24f0333-9056-4c23-893b-8acbc1c57ec1;Quick Heal Essential;Accessory;Quick Heal;E25-ler1-34776;;;New;260.00;600.00;;;;In Stock;false;https://wgzfsllyrdxokydsrtxl.supabase.co/storage/v1/object/public/product-images/a24f0333-9056-4c23-893b-8acbc1c57ec1/0e64d61b-78e6-410b-b6a0-f1ee949e01ec/1be30602-e524-4ffe-9987-e726fad21a1d.JPG;2026-05-26 08:27:42.704587+00;2026-05-26 08:27:42.704587+00;;Months;false;false;false;;;;85238020;44b55c8e-5d38-4c05-bfb1-fe5085efdca3;GST/0119/2026-27;2026-05-13;3af5d475-8eaa-4130-a8b5-5253b8f478f8;a24f0333-9056-4c23-893b-8acbc1c57ec1
6130b052-7c14-469e-9cd3-98b6e44e733b;a24f0333-9056-4c23-893b-8acbc1c57ec1;Quick Heal Essential;Accessory;Quick Heal;E25-ler1-34777;;;New;260.00;600.00;;;;In Stock;false;https://wgzfsllyrdxokydsrtxl.supabase.co/storage/v1/object/public/product-images/a24f0333-9056-4c23-893b-8acbc1c57ec1/0e64d61b-78e6-410b-b6a0-f1ee949e01ec/1be30602-e524-4ffe-9987-e726fad21a1d.JPG;2026-05-26 08:27:42.704587+00;2026-05-26 08:27:42.704587+00;;Months;false;false;false;;;;85238020;44b55c8e-5d38-4c05-bfb1-fe5085efdca3;GST/0119/2026-27;2026-05-13;3af5d475-8eaa-4130-a8b5-5253b8f478f8;a24f0333-9056-4c23-893b-8acbc1c57ec1
d5caeb6d-1af7-4e93-b92e-0e97fcd48781;a24f0333-9056-4c23-893b-8acbc1c57ec1;boat ROCKERZ ZEN ANC;Accessory;boat;8905650126259;;;New;1149.00;1250.00;;9999-12-31;;Sold;false;;2026-06-22 14:35:33.508118+00;2026-06-22 14:36:53.498734+00;;Months;true;true;false;;;;;;;2026-06-22;3af5d475-8eaa-4130-a8b5-5253b8f478f8;a24f0333-9056-4c23-893b-8acbc1c57ec1
6b29f694-6880-4202-a165-342224bbc78f;a24f0333-9056-4c23-893b-8acbc1c57ec1;Lenovo 130 Ambidextrous Optical Mouse Wireless;Accessory;Lenovo;GY51C12380Z15NA6N3;;;New;496.00;599.00;;9999-12-31;;In Stock;true;https://wgzfsllyrdxokydsrtxl.supabase.co/storage/v1/object/public/product-images/a24f0333-9056-4c23-893b-8acbc1c57ec1/72cbc8dd-8452-4e11-ad12-e7315206715b/c0d4a3e5-ce21-47d0-ac19-d6871610760f.webp,https://wgzfsllyrdxokydsrtxl.supabase.co/storage/v1/object/public/product-images/a24f0333-9056-4c23-893b-8acbc1c57ec1/72cbc8dd-8452-4e11-ad12-e7315206715b/2c0ae2c5-ea4f-4b06-b824-a104ddb97bac.webp,https://wgzfsllyrdxokydsrtxl.supabase.co/storage/v1/object/public/product-images/a24f0333-9056-4c23-893b-8acbc1c57ec1/72cbc8dd-8452-4e11-ad12-e7315206715b/5d26688e-aba8-4559-9d82-91d9655b6595.webp;2026-05-12 13:24:09.646227+00;2026-06-04 08:08:47.799297+00;;Months;false;false;false;Lenovo 130 Ambidextrous Optical Mouse Wireless With Bluetooth (2.4GHz Wireless, Black);;;84716060;65e35860-b717-4057-bb67-1fd41c39150c;IIS/24-25/0052;2026-05-21;3af5d475-8eaa-4130-a8b5-5253b8f478f8;a24f0333-9056-4c23-893b-8acbc1c57ec1
6859e3b5-8044-418c-8156-8775ff56a277;a24f0333-9056-4c23-893b-8acbc1c57ec1;MacBook Air M1;Laptop;Apple;FVEGF2YZQ6LR;;256GB;Used;24000.00;26000.00;;;;Sold;false;;2026-05-12 14:58:58.18654+00;2026-05-12 15:10:29.511491+00;;Months;false;false;false;;;;;58e5b5e4-a6ee-4294-bc63-7a629f76ae71;;;3af5d475-8eaa-4130-a8b5-5253b8f478f8;a24f0333-9056-4c23-893b-8acbc1c57ec1
689a6ba0-66ac-4207-be19-33520cf15996;a24f0333-9056-4c23-893b-8acbc1c57ec1;Lenovo ThinkPad X13 Gen 2;Laptop;Lenovo;PC2K19YM;16GB;256GB;Used;22800.00;31000.00;;;;Sold;false;https://wgzfsllyrdxokydsrtxl.supabase.co/storage/v1/object/public/product-images/a24f0333-9056-4c23-893b-8acbc1c57ec1/05e26eb3-4ef2-43dc-a444-08bbcd5bbe0b/16372c29-d8c8-421e-9924-63719f158658.JPG,https://wgzfsllyrdxokydsrtxl.supabase.co/storage/v1/object/public/product-images/a24f0333-9056-4c23-893b-8acbc1c57ec1/05e26eb3-4ef2-43dc-a444-08bbcd5bbe0b/af0a3ed8-ae27-4a83-8751-cd6f34d697e3.JPG,https://wgzfsllyrdxokydsrtxl.supabase.co/storage/v1/object/public/product-images/a24f0333-9056-4c23-893b-8acbc1c57ec1/05e26eb3-4ef2-43dc-a444-08bbcd5bbe0b/593e02dc-73d2-4e57-87b3-dd3ce6aa48c2.JPG,https://wgzfsllyrdxokydsrtxl.supabase.co/storage/v1/object/public/product-images/a24f0333-9056-4c23-893b-8acbc1c57ec1/05e26eb3-4ef2-43dc-a444-08bbcd5bbe0b/73cda948-c6cb-47e4-a1ae-2793057f7521.JPG,https://wgzfsllyrdxokydsrtxl.supabase.co/storage/v1/object/public/product-images/a24f0333-9056-4c23-893b-8acbc1c57ec1/05e26eb3-4ef2-43dc-a444-08bbcd5bbe0b/7f1132c8-8495-4af3-8c71-23d854b85697.JPG;2026-05-16 14:14:54.564609+00;2026-05-16 14:29:45.924602+00;3;Years;false;false;false;Lenovo ThinkPad x13 Gen2 Intel Core™ i5-1145G7 vPro®/Intel® Iris® Xe Graphics/ 16GB Ram /512GB SSD/Win 10pro;;;;ca35448d-df62-4e9c-a736-aa5f7792966c;;;3af5d475-8eaa-4130-a8b5-5253b8f478f8;a24f0333-9056-4c23-893b-8acbc1c57ec1
9470a3cf-beaa-4213-9d2d-1cc6ba7bf29c;a24f0333-9056-4c23-893b-8acbc1c57ec1;Quick Heal Essential;Accessory;Quick Heal;E25-ler1-34779;;;New;260.00;600.00;;;;In Stock;false;https://wgzfsllyrdxokydsrtxl.supabase.co/storage/v1/object/public/product-images/a24f0333-9056-4c23-893b-8acbc1c57ec1/0e64d61b-78e6-410b-b6a0-f1ee949e01ec/1be30602-e524-4ffe-9987-e726fad21a1d.JPG;2026-05-26 08:27:42.704587+00;2026-05-26 08:27:42.704587+00;;Months;false;false;false;;;;85238020;44b55c8e-5d38-4c05-bfb1-fe5085efdca3;GST/0119/2026-27;2026-05-13;3af5d475-8eaa-4130-a8b5-5253b8f478f8;a24f0333-9056-4c23-893b-8acbc1c57ec1
abf94451-70e2-4e7f-8e9c-67a6e8a64c69;a24f0333-9056-4c23-893b-8acbc1c57ec1;Quick Heal Essential;Accessory;Quick Heal;E25-ler1-34781;;;New;260.00;600.00;;;;In Stock;false;https://wgzfsllyrdxokydsrtxl.supabase.co/storage/v1/object/public/product-images/a24f0333-9056-4c23-893b-8acbc1c57ec1/0e64d61b-78e6-410b-b6a0-f1ee949e01ec/1be30602-e524-4ffe-9987-e726fad21a1d.JPG;2026-05-26 08:27:42.704587+00;2026-05-26 08:27:42.704587+00;;Months;false;false;false;;;;85238020;44b55c8e-5d38-4c05-bfb1-fe5085efdca3;GST/0119/2026-27;2026-05-13;3af5d475-8eaa-4130-a8b5-5253b8f478f8;a24f0333-9056-4c23-893b-8acbc1c57ec1
40cd50b3-37ff-4ea7-8fbd-f8a03c0b9e27;a24f0333-9056-4c23-893b-8acbc1c57ec1;Quick Heal Essential;Accessory;Quick Heal;E25-ler1-34759;;;New;260.00;600.00;;;;In Stock;false;https://wgzfsllyrdxokydsrtxl.supabase.co/storage/v1/object/public/product-images/a24f0333-9056-4c23-893b-8acbc1c57ec1/0e64d61b-78e6-410b-b6a0-f1ee949e01ec/1be30602-e524-4ffe-9987-e726fad21a1d.JPG;2026-05-26 08:27:42.704587+00;2026-05-26 08:27:42.704587+00;;Months;false;false;false;;;;85238020;44b55c8e-5d38-4c05-bfb1-fe5085efdca3;GST/0119/2026-27;2026-05-13;3af5d475-8eaa-4130-a8b5-5253b8f478f8;a24f0333-9056-4c23-893b-8acbc1c57ec1
436fc2dd-88b7-4f17-9eee-6783075d6a06;a24f0333-9056-4c23-893b-8acbc1c57ec1;Lenovo Thinkpad T14s;Laptop;Lenovo;PC1WX822;16GB;512GB;Used;25500.00;31200.00;;;;Sold;false;;2026-07-01 12:20:22.889616+00;2026-07-01 12:23:27.440399+00;;Months;false;false;false;;;;;19b12fc0-f9bc-4959-9de7-3fb694a10b31;;2026-06-26;3af5d475-8eaa-4130-a8b5-5253b8f478f8;a24f0333-9056-4c23-893b-8acbc1c57ec1
4b77e2ed-f502-4f1a-92a7-60fc2f496972;a24f0333-9056-4c23-893b-8acbc1c57ec1;Lenovo 130 Ambidextrous Optical Mouse Wireless;Accessory;Lenovo;GY51C12380Z15NA6LG;;;New;496.00;599.00;;9999-12-31;;Sold;false;https://wgzfsllyrdxokydsrtxl.supabase.co/storage/v1/object/public/product-images/a24f0333-9056-4c23-893b-8acbc1c57ec1/72cbc8dd-8452-4e11-ad12-e7315206715b/c0d4a3e5-ce21-47d0-ac19-d6871610760f.webp,https://wgzfsllyrdxokydsrtxl.supabase.co/storage/v1/object/public/product-images/a24f0333-9056-4c23-893b-8acbc1c57ec1/72cbc8dd-8452-4e11-ad12-e7315206715b/2c0ae2c5-ea4f-4b06-b824-a104ddb97bac.webp,https://wgzfsllyrdxokydsrtxl.supabase.co/storage/v1/object/public/product-images/a24f0333-9056-4c23-893b-8acbc1c57ec1/72cbc8dd-8452-4e11-ad12-e7315206715b/5d26688e-aba8-4559-9d82-91d9655b6595.webp;2026-05-12 13:24:09.646227+00;2026-06-04 08:08:47.799297+00;;Months;false;false;false;Lenovo 130 Ambidextrous Optical Mouse Wireless With Bluetooth (2.4GHz Wireless, Black);;;84716060;65e35860-b717-4057-bb67-1fd41c39150c;IIS/24-25/0052;2026-05-21;3af5d475-8eaa-4130-a8b5-5253b8f478f8;a24f0333-9056-4c23-893b-8acbc1c57ec1
702c9920-ac00-4d7a-b6ab-ee2de285d800;a24f0333-9056-4c23-893b-8acbc1c57ec1;Dell Latitude 5420;Laptop;Dell;1RCJXD3;8GB;256GB;Used;23250.00;25500.00;;;;Sold;false;;2026-05-16 08:29:37.677997+00;2026-05-16 08:33:48.988506+00;;Months;false;false;false;Dell Latitude 5420 Series 5420 (Intel Core i5 11th Gen 14 Inch);;;;19b12fc0-f9bc-4959-9de7-3fb694a10b31;;;3af5d475-8eaa-4130-a8b5-5253b8f478f8;a24f0333-9056-4c23-893b-8acbc1c57ec1
2caea171-65ab-4fca-bb1e-2474df9ef8e3;a24f0333-9056-4c23-893b-8acbc1c57ec1;Quick Heal Essential;Accessory;Quick Heal;E25-ler1-34761;;;New;260.00;600.00;;;;In Stock;false;https://wgzfsllyrdxokydsrtxl.supabase.co/storage/v1/object/public/product-images/a24f0333-9056-4c23-893b-8acbc1c57ec1/0e64d61b-78e6-410b-b6a0-f1ee949e01ec/1be30602-e524-4ffe-9987-e726fad21a1d.JPG;2026-05-26 08:27:42.704587+00;2026-05-26 08:27:42.704587+00;;Months;false;false;false;;;;85238020;44b55c8e-5d38-4c05-bfb1-fe5085efdca3;GST/0119/2026-27;2026-05-13;3af5d475-8eaa-4130-a8b5-5253b8f478f8;a24f0333-9056-4c23-893b-8acbc1c57ec1
e0fc44f3-e837-44ac-b2cf-79a3c72e9922;a24f0333-9056-4c23-893b-8acbc1c57ec1;Quick Heal Essential;Accessory;Quick Heal;E25-ler1-34763;;;New;260.00;600.00;;;;In Stock;false;https://wgzfsllyrdxokydsrtxl.supabase.co/storage/v1/object/public/product-images/a24f0333-9056-4c23-893b-8acbc1c57ec1/0e64d61b-78e6-410b-b6a0-f1ee949e01ec/1be30602-e524-4ffe-9987-e726fad21a1d.JPG;2026-05-26 08:27:42.704587+00;2026-05-26 08:27:42.704587+00;;Months;false;false;false;;;;85238020;44b55c8e-5d38-4c05-bfb1-fe5085efdca3;GST/0119/2026-27;2026-05-13;3af5d475-8eaa-4130-a8b5-5253b8f478f8;a24f0333-9056-4c23-893b-8acbc1c57ec1
af3878ea-c03b-496f-b17f-3155028115b1;a24f0333-9056-4c23-893b-8acbc1c57ec1;Quick Heal Essential;Accessory;Quick Heal;E25-ler1-34765;;;New;260.00;600.00;;;;In Stock;false;https://wgzfsllyrdxokydsrtxl.supabase.co/storage/v1/object/public/product-images/a24f0333-9056-4c23-893b-8acbc1c57ec1/0e64d61b-78e6-410b-b6a0-f1ee949e01ec/1be30602-e524-4ffe-9987-e726fad21a1d.JPG;2026-05-26 08:27:42.704587+00;2026-05-26 08:27:42.704587+00;;Months;false;false;false;;;;85238020;44b55c8e-5d38-4c05-bfb1-fe5085efdca3;GST/0119/2026-27;2026-05-13;3af5d475-8eaa-4130-a8b5-5253b8f478f8;a24f0333-9056-4c23-893b-8acbc1c57ec1
9e25b317-572a-4e05-8f67-0d3f4116219c;a24f0333-9056-4c23-893b-8acbc1c57ec1;LAN Cable;Accessory;PCI;6;;;New;118.00;199.00;;;;In Stock;false;;2026-05-12 14:17:56.245853+00;2026-06-04 08:08:47.799297+00;;Months;false;false;false;;;;8473;65e35860-b717-4057-bb67-1fd41c39150c;IIS/24-25/0052;2026-05-21;3af5d475-8eaa-4130-a8b5-5253b8f478f8;a24f0333-9056-4c23-893b-8acbc1c57ec1
4a3c6b33-3be7-4cc2-a70b-062539034c34;a24f0333-9056-4c23-893b-8acbc1c57ec1;LAN Cable;Accessory;PCI;9;;;New;118.00;199.00;;;;In Stock;false;;2026-05-12 14:17:56.245853+00;2026-06-04 08:08:47.799297+00;;Months;false;false;false;;;;8473;65e35860-b717-4057-bb67-1fd41c39150c;IIS/24-25/0052;2026-05-21;3af5d475-8eaa-4130-a8b5-5253b8f478f8;a24f0333-9056-4c23-893b-8acbc1c57ec1
830d1dd9-b69e-4e59-8707-823cad0136ad;a24f0333-9056-4c23-893b-8acbc1c57ec1;LAN Cable;Accessory;PCI;7;;;New;118.00;199.00;;;;In Stock;false;;2026-05-12 14:17:56.245853+00;2026-06-04 08:08:47.799297+00;;Months;false;false;false;;;;8473;65e35860-b717-4057-bb67-1fd41c39150c;IIS/24-25/0052;2026-05-21;3af5d475-8eaa-4130-a8b5-5253b8f478f8;a24f0333-9056-4c23-893b-8acbc1c57ec1
ffb48aed-51de-48e5-bd56-82c399656548;a24f0333-9056-4c23-893b-8acbc1c57ec1;Lenovo ThinkPad T14s;Laptop;Lenovo;PC1ZYZ3M;16GB;512GB;Refurbished;26000.00;34000.00;;;;Sold;false;;2026-08-20 06:15:30.718184+00;2026-08-20 06:19:55.057385+00;;Months;false;false;false;;;;;19b12fc0-f9bc-4959-9de7-3fb694a10b31;;;3af5d475-8eaa-4130-a8b5-5253b8f478f8;a24f0333-9056-4c23-893b-8acbc1c57ec1
7250f855-d2e2-431b-ab23-49060691c6a3;a24f0333-9056-4c23-893b-8acbc1c57ec1;LAN Cable;Accessory;PCI;10;;;New;118.00;199.00;;;;In Stock;false;;2026-05-12 14:17:56.245853+00;2026-06-04 08:08:47.799297+00;;Months;false;false;false;;;;8473;65e35860-b717-4057-bb67-1fd41c39150c;IIS/24-25/0052;2026-05-21;3af5d475-8eaa-4130-a8b5-5253b8f478f8;a24f0333-9056-4c23-893b-8acbc1c57ec1
4e5d75d4-44bc-42ae-8d5c-ace2c0e12aff;a24f0333-9056-4c23-893b-8acbc1c57ec1;LAN Cable;Accessory;PCI;8;;;New;118.00;199.00;;;;In Stock;false;;2026-05-12 14:17:56.245853+00;2026-06-04 08:08:47.799297+00;;Months;false;false;false;;;;8473;65e35860-b717-4057-bb67-1fd41c39150c;IIS/24-25/0052;2026-05-21;3af5d475-8eaa-4130-a8b5-5253b8f478f8;a24f0333-9056-4c23-893b-8acbc1c57ec1
3cadbad7-b1f1-40ae-bcec-c65b75192a44;a24f0333-9056-4c23-893b-8acbc1c57ec1;JBL Quantum 100 Wired Over Ear Gaming Headphones;Accessory;;CM0075-EO0326738;;;New;2006.00;2299.00;;9999-12-31;;In Stock;true;https://wgzfsllyrdxokydsrtxl.supabase.co/storage/v1/object/public/product-images/a24f0333-9056-4c23-893b-8acbc1c57ec1/db10422d-0965-4e50-af67-2ea3566abb7c/c74bb087-05bb-4eb6-89e9-6d24a629729d.jpg,https://wgzfsllyrdxokydsrtxl.supabase.co/storage/v1/object/public/product-images/a24f0333-9056-4c23-893b-8acbc1c57ec1/db10422d-0965-4e50-af67-2ea3566abb7c/e10a3509-7517-49e3-b970-856808c020ab.jpg,https://wgzfsllyrdxokydsrtxl.supabase.co/storage/v1/object/public/product-images/a24f0333-9056-4c23-893b-8acbc1c57ec1/db10422d-0965-4e50-af67-2ea3566abb7c/2f5d8245-e6ed-48a2-b252-a09705d014c7.jpg;2026-05-12 13:40:03.918011+00;2026-06-04 08:08:47.799297+00;;Months;false;false;false;;;;8515;65e35860-b717-4057-bb67-1fd41c39150c;IIS/24-25/0052;2026-05-21;3af5d475-8eaa-4130-a8b5-5253b8f478f8;a24f0333-9056-4c23-893b-8acbc1c57ec1
33df3599-dacb-463b-abe3-a3f67f34d9fd;a24f0333-9056-4c23-893b-8acbc1c57ec1;Dell WM118 Wireless Mouse;Accessory;Dell;CN-0TGP8R-L0300-5CD-045N-A02;;;New;496.00;599.00;;9999-12-31;;In Stock;true;https://wgzfsllyrdxokydsrtxl.supabase.co/storage/v1/object/public/product-images/a24f0333-9056-4c23-893b-8acbc1c57ec1/b3c97626-194c-4686-8b24-d799a2b43089/3e49fe55-64c4-49d8-ab69-865c04b28f6d.jpg,https://wgzfsllyrdxokydsrtxl.supabase.co/storage/v1/object/public/product-images/a24f0333-9056-4c23-893b-8acbc1c57ec1/b3c97626-194c-4686-8b24-d799a2b43089/15cbbc40-f400-4348-934c-40210788042a.jpg;2026-05-12 13:46:37.074182+00;2026-06-04 08:08:55.006593+00;;Months;false;false;false;"TYPE - Wireless optical mouse with 1000 DPI precision
CONNECTIVITY - 2.4GHz wireless with USB nano receiver, plug‑and‑play for instant setup
VISUAL EXPERIENCE – Experience smooth cursor movement and precise tracking with 1600 DPI optical sensor, enhancing productivity on any screen.";;;84716060;65e35860-b717-4057-bb67-1fd41c39150c;IIS/24-25/0052;2026-04-11;3af5d475-8eaa-4130-a8b5-5253b8f478f8;a24f0333-9056-4c23-893b-8acbc1c57ec1
37f6c24e-c61d-46e4-b727-580457468ac6;a24f0333-9056-4c23-893b-8acbc1c57ec1;Quick Heal Essential;Accessory;Quick Heal;E25-ler1-34762;;;New;260.00;600.00;;;;Sold;false;https://wgzfsllyrdxokydsrtxl.supabase.co/storage/v1/object/public/product-images/a24f0333-9056-4c23-893b-8acbc1c57ec1/0e64d61b-78e6-410b-b6a0-f1ee949e01ec/1be30602-e524-4ffe-9987-e726fad21a1d.JPG;2026-05-26 08:27:42.704587+00;2026-06-06 14:24:24.163401+00;;Months;false;false;false;;;;85238020;44b55c8e-5d38-4c05-bfb1-fe5085efdca3;GST/0119/2026-27;2026-05-13;3af5d475-8eaa-4130-a8b5-5253b8f478f8;a24f0333-9056-4c23-893b-8acbc1c57ec1
4aa4f190-d0d3-4602-b5d1-750838bd19c4;a24f0333-9056-4c23-893b-8acbc1c57ec1;Dell WM118 Wireless Mouse;Accessory;Dell;CN-0TGP8R-L0300-5CD-045P-A02;;;New;496.00;599.00;;9999-12-31;;Sold;false;https://wgzfsllyrdxokydsrtxl.supabase.co/storage/v1/object/public/product-images/a24f0333-9056-4c23-893b-8acbc1c57ec1/b3c97626-194c-4686-8b24-d799a2b43089/3e49fe55-64c4-49d8-ab69-865c04b28f6d.jpg,https://wgzfsllyrdxokydsrtxl.supabase.co/storage/v1/object/public/product-images/a24f0333-9056-4c23-893b-8acbc1c57ec1/b3c97626-194c-4686-8b24-d799a2b43089/15cbbc40-f400-4348-934c-40210788042a.jpg;2026-05-12 13:46:37.074182+00;2026-08-21 13:28:14.297278+00;;Months;false;false;false;"TYPE - Wireless optical mouse with 1000 DPI precision
CONNECTIVITY - 2.4GHz wireless with USB nano receiver, plug‑and‑play for instant setup
VISUAL EXPERIENCE – Experience smooth cursor movement and precise tracking with 1600 DPI optical sensor, enhancing productivity on any screen.";;;84716060;65e35860-b717-4057-bb67-1fd41c39150c;IIS/24-25/0052;2026-04-11;3af5d475-8eaa-4130-a8b5-5253b8f478f8;a24f0333-9056-4c23-893b-8acbc1c57ec1
7b21edee-7a69-42d9-91ba-a1e2742e62c1;a24f0333-9056-4c23-893b-8acbc1c57ec1;JBL Quantum 100 Wired Over Ear Gaming Headphones;Accessory;;CM005-EO0326740;;;New;2006.00;2299.00;;9999-12-31;;In Stock;true;https://wgzfsllyrdxokydsrtxl.supabase.co/storage/v1/object/public/product-images/a24f0333-9056-4c23-893b-8acbc1c57ec1/db10422d-0965-4e50-af67-2ea3566abb7c/c74bb087-05bb-4eb6-89e9-6d24a629729d.jpg,https://wgzfsllyrdxokydsrtxl.supabase.co/storage/v1/object/public/product-images/a24f0333-9056-4c23-893b-8acbc1c57ec1/db10422d-0965-4e50-af67-2ea3566abb7c/e10a3509-7517-49e3-b970-856808c020ab.jpg,https://wgzfsllyrdxokydsrtxl.supabase.co/storage/v1/object/public/product-images/a24f0333-9056-4c23-893b-8acbc1c57ec1/db10422d-0965-4e50-af67-2ea3566abb7c/2f5d8245-e6ed-48a2-b252-a09705d014c7.jpg;2026-05-12 13:40:03.918011+00;2026-06-04 08:08:47.799297+00;;Months;false;false;false;;;;8515;65e35860-b717-4057-bb67-1fd41c39150c;IIS/24-25/0052;2026-05-21;3af5d475-8eaa-4130-a8b5-5253b8f478f8;a24f0333-9056-4c23-893b-8acbc1c57ec1
5838aa54-895b-4d87-bdaa-d5382959439d;a24f0333-9056-4c23-893b-8acbc1c57ec1;Dell Latitude 5420;Laptop;Dell;519JXD3;8GB;256GB;Used;23250.00;25500.00;;;;Sold;false;;2026-05-16 08:29:37.677997+00;2026-05-16 08:33:48.605479+00;;Months;false;false;false;Dell Latitude 5420 Series 5420 (Intel Core i5 11th Gen 14 Inch);;;;19b12fc0-f9bc-4959-9de7-3fb694a10b31;;;3af5d475-8eaa-4130-a8b5-5253b8f478f8;a24f0333-9056-4c23-893b-8acbc1c57ec1
a809de39-3fdb-454a-8ee8-b46b370b746c;a24f0333-9056-4c23-893b-8acbc1c57ec1;Quick Heal Essential;Accessory;Quick Heal;E25-/er1-33801;;;New;260.00;600.00;;;;Sold;false;https://wgzfsllyrdxokydsrtxl.supabase.co/storage/v1/object/public/product-images/a24f0333-9056-4c23-893b-8acbc1c57ec1/0e64d61b-78e6-410b-b6a0-f1ee949e01ec/1be30602-e524-4ffe-9987-e726fad21a1d.JPG;2026-05-26 08:27:42.704587+00;2026-06-07 04:32:06.424178+00;;Months;false;false;false;;;;85238020;44b55c8e-5d38-4c05-bfb1-fe5085efdca3;GST/0119/2026-27;2026-05-13;3af5d475-8eaa-4130-a8b5-5253b8f478f8;a24f0333-9056-4c23-893b-8acbc1c57ec1
62834429-820f-46d1-afec-9e418bb34f6d;a24f0333-9056-4c23-893b-8acbc1c57ec1;Lenovo ThinkPad E14;Laptop;Lenovo;PG03ZA11;8GB;512GB;Used;27500.00;31000.00;;;;Sold;false;;2026-08-21 13:30:28.272877+00;2026-08-21 13:31:28.533088+00;;Months;false;false;false;;;;;19b12fc0-f9bc-4959-9de7-3fb694a10b31;;2026-06-24;3af5d475-8eaa-4130-a8b5-5253b8f478f8;a24f0333-9056-4c23-893b-8acbc1c57ec1
2533247d-1ba8-4fb2-a015-b991f196e57b;a24f0333-9056-4c23-893b-8acbc1c57ec1;Lenovo 130 Ambidextrous Optical Mouse Wireless;Accessory;Lenovo;GY51C12380Z15NA6KM;;;New;496.00;599.00;;9999-12-31;;In Stock;true;https://wgzfsllyrdxokydsrtxl.supabase.co/storage/v1/object/public/product-images/a24f0333-9056-4c23-893b-8acbc1c57ec1/72cbc8dd-8452-4e11-ad12-e7315206715b/c0d4a3e5-ce21-47d0-ac19-d6871610760f.webp,https://wgzfsllyrdxokydsrtxl.supabase.co/storage/v1/object/public/product-images/a24f0333-9056-4c23-893b-8acbc1c57ec1/72cbc8dd-8452-4e11-ad12-e7315206715b/2c0ae2c5-ea4f-4b06-b824-a104ddb97bac.webp,https://wgzfsllyrdxokydsrtxl.supabase.co/storage/v1/object/public/product-images/a24f0333-9056-4c23-893b-8acbc1c57ec1/72cbc8dd-8452-4e11-ad12-e7315206715b/5d26688e-aba8-4559-9d82-91d9655b6595.webp;2026-05-12 13:24:09.646227+00;2026-06-04 08:08:47.799297+00;;Months;false;false;false;Lenovo 130 Ambidextrous Optical Mouse Wireless With Bluetooth (2.4GHz Wireless, Black);;;84716060;65e35860-b717-4057-bb67-1fd41c39150c;IIS/24-25/0052;2026-05-21;3af5d475-8eaa-4130-a8b5-5253b8f478f8;a24f0333-9056-4c23-893b-8acbc1c57ec1
e8c83c04-0c9a-48e0-aefc-d3c0b86a9506;a24f0333-9056-4c23-893b-8acbc1c57ec1;Quick Heal Essential;Accessory;Quick Heal;E25-ler1-34758;;;New;260.00;600.00;;;;In Stock;false;https://wgzfsllyrdxokydsrtxl.supabase.co/storage/v1/object/public/product-images/a24f0333-9056-4c23-893b-8acbc1c57ec1/0e64d61b-78e6-410b-b6a0-f1ee949e01ec/1be30602-e524-4ffe-9987-e726fad21a1d.JPG;2026-05-26 08:27:42.704587+00;2026-05-26 08:27:42.704587+00;;Months;false;false;false;;;;85238020;44b55c8e-5d38-4c05-bfb1-fe5085efdca3;GST/0119/2026-27;2026-05-13;3af5d475-8eaa-4130-a8b5-5253b8f478f8;a24f0333-9056-4c23-893b-8acbc1c57ec1
063fa09c-9980-4f21-8202-c7f6d0a3f89d;a24f0333-9056-4c23-893b-8acbc1c57ec1;Quick Heal Essential;Accessory;Quick Heal;E25-ler1-34760;;;New;260.00;600.00;;;;In Stock;false;https://wgzfsllyrdxokydsrtxl.supabase.co/storage/v1/object/public/product-images/a24f0333-9056-4c23-893b-8acbc1c57ec1/0e64d61b-78e6-410b-b6a0-f1ee949e01ec/1be30602-e524-4ffe-9987-e726fad21a1d.JPG;2026-05-26 08:27:42.704587+00;2026-05-26 08:27:42.704587+00;;Months;false;false;false;;;;85238020;44b55c8e-5d38-4c05-bfb1-fe5085efdca3;GST/0119/2026-27;2026-05-13;3af5d475-8eaa-4130-a8b5-5253b8f478f8;a24f0333-9056-4c23-893b-8acbc1c57ec1
74324a8f-b834-4ca6-9307-bcfd18faddc4;a24f0333-9056-4c23-893b-8acbc1c57ec1;Quick Heal Essential;Accessory;Quick Heal;E25-ler1-34768;;;New;260.00;600.00;;;;In Stock;false;https://wgzfsllyrdxokydsrtxl.supabase.co/storage/v1/object/public/product-images/a24f0333-9056-4c23-893b-8acbc1c57ec1/0e64d61b-78e6-410b-b6a0-f1ee949e01ec/1be30602-e524-4ffe-9987-e726fad21a1d.JPG;2026-05-26 08:27:42.704587+00;2026-05-26 08:27:42.704587+00;;Months;false;false;false;;;;85238020;44b55c8e-5d38-4c05-bfb1-fe5085efdca3;GST/0119/2026-27;2026-05-13;3af5d475-8eaa-4130-a8b5-5253b8f478f8;a24f0333-9056-4c23-893b-8acbc1c57ec1
a506bc30-1f79-4222-bb6c-9fcdb744f613;a24f0333-9056-4c23-893b-8acbc1c57ec1;Quick Heal Essential;Accessory;Quick Heal;E25-/er1-34770;;;New;260.00;600.00;;;;In Stock;false;https://wgzfsllyrdxokydsrtxl.supabase.co/storage/v1/object/public/product-images/a24f0333-9056-4c23-893b-8acbc1c57ec1/0e64d61b-78e6-410b-b6a0-f1ee949e01ec/1be30602-e524-4ffe-9987-e726fad21a1d.JPG;2026-05-26 08:27:42.704587+00;2026-05-26 08:27:42.704587+00;;Months;false;false;false;;;;85238020;44b55c8e-5d38-4c05-bfb1-fe5085efdca3;GST/0119/2026-27;2026-05-13;3af5d475-8eaa-4130-a8b5-5253b8f478f8;a24f0333-9056-4c23-893b-8acbc1c57ec1
852682fa-1c2b-44f1-9065-0eb2bccd6bb8;a24f0333-9056-4c23-893b-8acbc1c57ec1;Quick Heal Essential;Accessory;Quick Heal;E25-ler1-34773;;;New;260.00;600.00;;;;In Stock;false;https://wgzfsllyrdxokydsrtxl.supabase.co/storage/v1/object/public/product-images/a24f0333-9056-4c23-893b-8acbc1c57ec1/0e64d61b-78e6-410b-b6a0-f1ee949e01ec/1be30602-e524-4ffe-9987-e726fad21a1d.JPG;2026-05-26 08:27:42.704587+00;2026-05-26 08:27:42.704587+00;;Months;false;false;false;;;;85238020;44b55c8e-5d38-4c05-bfb1-fe5085efdca3;GST/0119/2026-27;2026-05-13;3af5d475-8eaa-4130-a8b5-5253b8f478f8;a24f0333-9056-4c23-893b-8acbc1c57ec1
9e826b4d-520f-4a2d-aa17-1a09f38ce73a;a24f0333-9056-4c23-893b-8acbc1c57ec1;Quick Heal Essential;Accessory;Quick Heal;E25-ler1-34775;;;New;260.00;600.00;;;;In Stock;false;https://wgzfsllyrdxokydsrtxl.supabase.co/storage/v1/object/public/product-images/a24f0333-9056-4c23-893b-8acbc1c57ec1/0e64d61b-78e6-410b-b6a0-f1ee949e01ec/1be30602-e524-4ffe-9987-e726fad21a1d.JPG;2026-05-26 08:27:42.704587+00;2026-05-26 08:27:42.704587+00;;Months;false;false;false;;;;85238020;44b55c8e-5d38-4c05-bfb1-fe5085efdca3;GST/0119/2026-27;2026-05-13;3af5d475-8eaa-4130-a8b5-5253b8f478f8;a24f0333-9056-4c23-893b-8acbc1c57ec1
7db88218-ab62-4828-9851-51e3dd8a8396;a24f0333-9056-4c23-893b-8acbc1c57ec1;Quick Heal Essential;Accessory;Quick Heal;E25-ler1-34778;;;New;260.00;600.00;;;;In Stock;false;https://wgzfsllyrdxokydsrtxl.supabase.co/storage/v1/object/public/product-images/a24f0333-9056-4c23-893b-8acbc1c57ec1/0e64d61b-78e6-410b-b6a0-f1ee949e01ec/1be30602-e524-4ffe-9987-e726fad21a1d.JPG;2026-05-26 08:27:42.704587+00;2026-05-26 08:27:42.704587+00;;Months;false;false;false;;;;85238020;44b55c8e-5d38-4c05-bfb1-fe5085efdca3;GST/0119/2026-27;2026-05-13;3af5d475-8eaa-4130-a8b5-5253b8f478f8;a24f0333-9056-4c23-893b-8acbc1c57ec1
bec851a0-c8e4-4a54-a7b9-71f4e8fbe4ce;a24f0333-9056-4c23-893b-8acbc1c57ec1;Quick Heal Essential;Accessory;Quick Heal;E25-ler1-34780;;;New;260.00;600.00;;;;In Stock;false;https://wgzfsllyrdxokydsrtxl.supabase.co/storage/v1/object/public/product-images/a24f0333-9056-4c23-893b-8acbc1c57ec1/0e64d61b-78e6-410b-b6a0-f1ee949e01ec/1be30602-e524-4ffe-9987-e726fad21a1d.JPG;2026-05-26 08:27:42.704587+00;2026-05-26 08:27:42.704587+00;;Months;false;false;false;;;;85238020;44b55c8e-5d38-4c05-bfb1-fe5085efdca3;GST/0119/2026-27;2026-05-13;3af5d475-8eaa-4130-a8b5-5253b8f478f8;a24f0333-9056-4c23-893b-8acbc1c57ec1
b0aea29e-ed30-4d50-940b-71161a351663;a24f0333-9056-4c23-893b-8acbc1c57ec1;Quick Heal Total Securuty;Accessory;Quick Heal;C2F85;;;New;774.00;1599.00;;;;In Stock;false;https://wgzfsllyrdxokydsrtxl.supabase.co/storage/v1/object/public/product-images/a24f0333-9056-4c23-893b-8acbc1c57ec1/fc466b33-64ff-42d8-93bd-44a1efcc7ef0/ada9ad09-c165-4ea4-8f10-31e82393b5be.JPG;2026-05-26 08:34:01.075146+00;2026-05-26 08:34:01.075146+00;;Months;false;false;false;;;;85238020;44b55c8e-5d38-4c05-bfb1-fe5085efdca3;GST/0119/2026-27;2026-05-13;3af5d475-8eaa-4130-a8b5-5253b8f478f8;a24f0333-9056-4c23-893b-8acbc1c57ec1
5a4435fc-3308-4a6f-9701-1e4a22d4a44e;a24f0333-9056-4c23-893b-8acbc1c57ec1;Quick Heal Total Securuty;Accessory;Quick Heal;24310;;;New;774.00;1599.00;;;;In Stock;false;https://wgzfsllyrdxokydsrtxl.supabase.co/storage/v1/object/public/product-images/a24f0333-9056-4c23-893b-8acbc1c57ec1/fc466b33-64ff-42d8-93bd-44a1efcc7ef0/ada9ad09-c165-4ea4-8f10-31e82393b5be.JPG;2026-05-26 08:34:01.075146+00;2026-05-26 08:34:01.075146+00;;Months;false;false;false;;;;85238020;44b55c8e-5d38-4c05-bfb1-fe5085efdca3;GST/0119/2026-27;2026-05-13;3af5d475-8eaa-4130-a8b5-5253b8f478f8;a24f0333-9056-4c23-893b-8acbc1c57ec1
dc2e5867-7581-489d-8399-407181f2168c;a24f0333-9056-4c23-893b-8acbc1c57ec1;Quick Heal Total Securuty;Accessory;Quick Heal;250F0;;;New;774.00;1599.00;;;;In Stock;false;https://wgzfsllyrdxokydsrtxl.supabase.co/storage/v1/object/public/product-images/a24f0333-9056-4c23-893b-8acbc1c57ec1/fc466b33-64ff-42d8-93bd-44a1efcc7ef0/ada9ad09-c165-4ea4-8f10-31e82393b5be.JPG;2026-05-26 08:34:01.075146+00;2026-05-26 08:34:01.075146+00;;Months;false;false;false;;;;85238020;44b55c8e-5d38-4c05-bfb1-fe5085efdca3;GST/0119/2026-27;2026-05-13;3af5d475-8eaa-4130-a8b5-5253b8f478f8;a24f0333-9056-4c23-893b-8acbc1c57ec1
cbe1e195-d1b4-4f6d-8a59-d7c919cd45fb;a24f0333-9056-4c23-893b-8acbc1c57ec1;HP KM160 Wired Mouse and Keyboard Wired USB;Accessory;HP;KM160250206617;;;New;590.00;999.00;;9999-12-31;;In Stock;true;https://wgzfsllyrdxokydsrtxl.supabase.co/storage/v1/object/public/product-images/a24f0333-9056-4c23-893b-8acbc1c57ec1/313b9a4c-fed8-4585-a08c-dcd3f918095e/391dc2b1-f4c5-496c-a578-4f146d4bcb9c.webp;2026-05-12 13:08:36.87602+00;2026-06-04 08:08:55.006593+00;;Months;false;false;false;HP KM160 Wired Mouse and Keyboard Wired USB Standard Multi-device Keyboard Compatible with Desktop, Laptop, Mac (Black);;;84716040;65e35860-b717-4057-bb67-1fd41c39150c;IIS/24-25/0052;2026-05-21;3af5d475-8eaa-4130-a8b5-5253b8f478f8;a24f0333-9056-4c23-893b-8acbc1c57ec1
1f22c85b-4584-445e-a27d-259e8861e631;a24f0333-9056-4c23-893b-8acbc1c57ec1;HDMI Cable;Accessory;Live Tech;2;;;New;118.00;199.00;;9999-12-31;;In Stock;true;https://wgzfsllyrdxokydsrtxl.supabase.co/storage/v1/object/public/product-images/a24f0333-9056-4c23-893b-8acbc1c57ec1/90a6bdf9-1bc5-4a1d-aa53-731a198f769f/7d139bc0-d0b3-41cd-bf28-66dc68bccc54.jpg;2026-05-12 14:15:31.909758+00;2026-06-04 08:08:55.006593+00;;Months;false;false;false;;;;85444920;65e35860-b717-4057-bb67-1fd41c39150c;IIS/24-25/0052;2026-05-21;3af5d475-8eaa-4130-a8b5-5253b8f478f8;a24f0333-9056-4c23-893b-8acbc1c57ec1
549415b8-b38f-4ead-9e53-e61eb161d210;a24f0333-9056-4c23-893b-8acbc1c57ec1;DELL KM3322W Wireless Keyboard & Mouse Combo (1000 DPI, Spill Resistant, Black);Accessory;Dell;CN04WJ8PLO3005CNB499A09;;;New;1145.00;1740.00;;9999-12-31;;In Stock;false;https://wgzfsllyrdxokydsrtxl.supabase.co/storage/v1/object/public/product-images/a24f0333-9056-4c23-893b-8acbc1c57ec1/639cd47d-11b0-412d-98b9-5e6ca26a22f2/1b8eaed3-9e7e-4907-85b6-fab31be08d72.png;2026-05-04 13:46:39.410582+00;2026-06-04 08:08:55.006593+00;;Months;true;true;false;Dell Wireless Keyboard and Mouse - KM3322W, Wireless - 2.4GHz, Optical LED Sensor, Mechanical Scroll, Anti-Fade Plunger Keys, 6 Multimedia Keys, Tilt Leg - Black;;"[""Connectivity: Wireless 2.4GHz"",""Power Source: 2 x AAA Battery"",""Compatible OS: Windows 7, 8, 8.1, 10, 11, macOS, Android, ChromeOS & Linux 6.x""]";8471;65e35860-b717-4057-bb67-1fd41c39150c;IIS/24-25/0052;2026-05-21;3af5d475-8eaa-4130-a8b5-5253b8f478f8;a24f0333-9056-4c23-893b-8acbc1c57ec1
027f0704-dac3-44e1-990e-dff471330f98;a24f0333-9056-4c23-893b-8acbc1c57ec1;HDMI Cable;Accessory;Live Tech;5;;;New;118.00;199.00;;9999-12-31;;In Stock;true;https://wgzfsllyrdxokydsrtxl.supabase.co/storage/v1/object/public/product-images/a24f0333-9056-4c23-893b-8acbc1c57ec1/90a6bdf9-1bc5-4a1d-aa53-731a198f769f/7d139bc0-d0b3-41cd-bf28-66dc68bccc54.jpg;2026-05-12 14:15:31.909758+00;2026-06-04 08:08:55.006593+00;;Months;false;false;false;;;;85444920;65e35860-b717-4057-bb67-1fd41c39150c;IIS/24-25/0052;2026-05-21;3af5d475-8eaa-4130-a8b5-5253b8f478f8;a24f0333-9056-4c23-893b-8acbc1c57ec1
42802828-9569-465a-a270-6d9b6075d0fc;a24f0333-9056-4c23-893b-8acbc1c57ec1;Lenovo 110 Keyboard & Mouse Wired Combo;Accessory;Lenovo;Z15D0JPW;;;New;678.00;799.00;;;;In Stock;true;https://wgzfsllyrdxokydsrtxl.supabase.co/storage/v1/object/public/product-images/a24f0333-9056-4c23-893b-8acbc1c57ec1/f1917061-f1ff-4f41-b72c-7fa6948677f3/57251a3d-5f32-4608-843d-bc2f71f5265f.jpg,https://wgzfsllyrdxokydsrtxl.supabase.co/storage/v1/object/public/product-images/a24f0333-9056-4c23-893b-8acbc1c57ec1/f1917061-f1ff-4f41-b72c-7fa6948677f3/78227c4d-8646-4df9-9fc2-74361fc52bbb.jpg;2026-05-12 12:40:08.720802+00;2026-06-04 08:08:55.006593+00;;Months;false;false;false;"🖥️ Enhance Your Workspace with Reliable Input: Full-size wired keyboard and precision optical mouse combo from Lenovo — perfect for home, office, school and business PCs with USB-A ports.
💧 Durable & Spill-Resistant Design: Keyboard features a waterproof exoskeleton with splash-proof keys to help protect against accidental spills and daily wear.
🖱️ Smooth, Responsive Mouse: High-precision 1600 DPI full-size mouse with a non-slip scroll wheel delivers comfortable, accurate tracking for browsing, work, and casual gaming
✨ Ergonomic & Easy to Use: One-touch Co-Pilot key and adjustable keyboard stand enhance typing comfort, while plug-and-play USB connectivity means no batteries or drivers — just plug in and go
Long-Term Peace of Mind: Backed by a 3-year warranty, this wired combo offers dependable performance and peace of mind for everyday use.";;"[""Waterproof Exoskeleton"",""Splash Proof Keys"","" 1600 DPI Full Size Mouse"",""Non-Slip Scroll Wheel""]";845160;65e35860-b717-4057-bb67-1fd41c39150c;IIS/24-25/0052;2026-05-21;3af5d475-8eaa-4130-a8b5-5253b8f478f8;a24f0333-9056-4c23-893b-8acbc1c57ec1
dd2e7c70-5678-4657-b5c1-a05d61e646b5;a24f0333-9056-4c23-893b-8acbc1c57ec1;HP Series 5 27 FHD Monitor - 527sf;Accessory;HP;3CM52903W4;;;New;12626.00;13499.00;;9999-12-31;;In Stock;true;https://wgzfsllyrdxokydsrtxl.supabase.co/storage/v1/object/public/product-images/a24f0333-9056-4c23-893b-8acbc1c57ec1/4b4b2f8a-4d16-4b2e-826d-3ac129bb058d/1a97d5df-749e-435d-899b-0cee36428232.png,https://wgzfsllyrdxokydsrtxl.supabase.co/storage/v1/object/public/product-images/a24f0333-9056-4c23-893b-8acbc1c57ec1/4b4b2f8a-4d16-4b2e-826d-3ac129bb058d/cf93470f-44bb-4186-a424-a18fdce12102.png,https://wgzfsllyrdxokydsrtxl.supabase.co/storage/v1/object/public/product-images/a24f0333-9056-4c23-893b-8acbc1c57ec1/4b4b2f8a-4d16-4b2e-826d-3ac129bb058d/d247021c-ca3e-4a1b-ae71-0bb036ea2841.png;2026-05-04 13:04:24.174657+00;2026-06-04 08:08:55.006593+00;;Months;true;true;false;HP Series 5 27 inch(68.6cm) FHD Monitor - Eye Safe Certified, 99% sRGB, IPS, LCD, 3-Sided Micro-Edge, Anti-Glare, 300nits, 2 HDMI 1.4, Black, 3.2kg,527sf;;"[""Screen: Full HD, 1920 x 1080 pixels"",""Brightness: 300 Nits"",""Response Time: 5 ms, 100 Hz Refresh Rate"",""3 Years Warranty""]";65285200;65e35860-b717-4057-bb67-1fd41c39150c;IIS/24-25/0052;2026-05-21;3af5d475-8eaa-4130-a8b5-5253b8f478f8;a24f0333-9056-4c23-893b-8acbc1c57ec1
a96c33f6-b0de-4150-9016-d3ef6a606596;a24f0333-9056-4c23-893b-8acbc1c57ec1;HP KM260 Keyboard Mouse Combo;Accessory;HP;KM260250117270;;;New;826.00;1299.00;;9999-12-31;;In Stock;true;https://wgzfsllyrdxokydsrtxl.supabase.co/storage/v1/object/public/product-images/a24f0333-9056-4c23-893b-8acbc1c57ec1/1dba8022-c2b8-4e03-becc-da2e6e342d6f/b29c556f-ce91-4efe-9114-99ba07b77408.webp;2026-05-12 12:58:01.52051+00;2026-06-04 08:08:55.006593+00;;Months;false;false;false;Keyboard Mouse Combo Wireless Standard Multi-device Keyboard Compatible with Laptop, Desktop (Black);;;84716040;65e35860-b717-4057-bb67-1fd41c39150c;IIS/24-25/0052;2026-05-21;3af5d475-8eaa-4130-a8b5-5253b8f478f8;a24f0333-9056-4c23-893b-8acbc1c57ec1
a4164f44-85fb-45f9-b349-61f4e6b3327f;a24f0333-9056-4c23-893b-8acbc1c57ec1;HP Series 5 27 FHD Monitor - 527sf;Accessory;HP;3CM5240H55;;;New;12626.00;13499.00;;9999-12-31;;In Stock;false;https://wgzfsllyrdxokydsrtxl.supabase.co/storage/v1/object/public/product-images/a24f0333-9056-4c23-893b-8acbc1c57ec1/4b4b2f8a-4d16-4b2e-826d-3ac129bb058d/1a97d5df-749e-435d-899b-0cee36428232.png,https://wgzfsllyrdxokydsrtxl.supabase.co/storage/v1/object/public/product-images/a24f0333-9056-4c23-893b-8acbc1c57ec1/4b4b2f8a-4d16-4b2e-826d-3ac129bb058d/cf93470f-44bb-4186-a424-a18fdce12102.png,https://wgzfsllyrdxokydsrtxl.supabase.co/storage/v1/object/public/product-images/a24f0333-9056-4c23-893b-8acbc1c57ec1/4b4b2f8a-4d16-4b2e-826d-3ac129bb058d/d247021c-ca3e-4a1b-ae71-0bb036ea2841.png;2026-05-04 13:04:24.174657+00;2026-06-04 08:08:55.006593+00;;Months;true;true;false;HP Series 5 27 inch(68.6cm) FHD Monitor - Eye Safe Certified, 99% sRGB, IPS, LCD, 3-Sided Micro-Edge, Anti-Glare, 300nits, 2 HDMI 1.4, Black, 3.2kg,527sf;;"[""Screen: Full HD, 1920 x 1080 pixels"",""Brightness: 300 Nits"",""Response Time: 5 ms, 100 Hz Refresh Rate"",""3 Years Warranty""]";65285200;65e35860-b717-4057-bb67-1fd41c39150c;IIS/24-25/0052;2026-05-21;3af5d475-8eaa-4130-a8b5-5253b8f478f8;a24f0333-9056-4c23-893b-8acbc1c57ec1
b9d9aece-786f-4e2c-88ba-5bc604fe21e5;a24f0333-9056-4c23-893b-8acbc1c57ec1;HP Series 3 Pro 23.8 inch FHD Monitor;Accessory;HP;1H35430KM3;;;New;9381.00;10499.00;;9999-12-31;;In Stock;true;https://wgzfsllyrdxokydsrtxl.supabase.co/storage/v1/object/public/product-images/a24f0333-9056-4c23-893b-8acbc1c57ec1/72b2f6d4-701e-4ece-b725-d505d566bd41/84e9a486-0911-4672-9dc8-7e63ce6391ac.png,https://wgzfsllyrdxokydsrtxl.supabase.co/storage/v1/object/public/product-images/a24f0333-9056-4c23-893b-8acbc1c57ec1/72b2f6d4-701e-4ece-b725-d505d566bd41/5705cb72-5ea8-4cc8-9d08-d650df90ff80.png,https://wgzfsllyrdxokydsrtxl.supabase.co/storage/v1/object/public/product-images/a24f0333-9056-4c23-893b-8acbc1c57ec1/72b2f6d4-701e-4ece-b725-d505d566bd41/cd45ec01-5a38-4aa8-8333-26300fc8c09e.png;2026-05-04 12:03:58.316046+00;2026-06-04 08:08:55.006593+00;;Months;true;true;false;HP Series 3 Pro 23.8 inch(60.5cm) FHD Monitor, Energy Star Certified, VESA mountable, 3-Sided Borderless,IPS, 100Hz, LCD, Anti-Glare, 5ms Response time, Flicker-Free, 1 HDMI 1.4, Black, 3.77kg, 324pf;;"[""Display size (diagonal): 60.5 cm (23.8\"")"",""Response time (typical): 5ms GtG (with overdrive) "",""Native resolution: FHD (1920 x 1080) "",""Contrast ratio: 3000:1 ""]";65285200;65e35860-b717-4057-bb67-1fd41c39150c;IIS/24-25/0052;2026-05-21;3af5d475-8eaa-4130-a8b5-5253b8f478f8;a24f0333-9056-4c23-893b-8acbc1c57ec1
8b2b8e85-7805-4df3-80f6-b0bbe7e2017c;a24f0333-9056-4c23-893b-8acbc1c57ec1;HP KM160 Wired Mouse and Keyboard Wired USB;Accessory;HP;KM160250206619;;;New;590.00;999.00;;9999-12-31;;In Stock;true;https://wgzfsllyrdxokydsrtxl.supabase.co/storage/v1/object/public/product-images/a24f0333-9056-4c23-893b-8acbc1c57ec1/313b9a4c-fed8-4585-a08c-dcd3f918095e/391dc2b1-f4c5-496c-a578-4f146d4bcb9c.webp;2026-05-12 13:08:36.87602+00;2026-06-04 08:08:55.006593+00;;Months;false;false;false;HP KM160 Wired Mouse and Keyboard Wired USB Standard Multi-device Keyboard Compatible with Desktop, Laptop, Mac (Black);;;84716040;65e35860-b717-4057-bb67-1fd41c39150c;IIS/24-25/0052;2026-05-21;3af5d475-8eaa-4130-a8b5-5253b8f478f8;a24f0333-9056-4c23-893b-8acbc1c57ec1
147451f2-783c-4692-9764-2420afaec6b2;a24f0333-9056-4c23-893b-8acbc1c57ec1;HP KM160 Wired Mouse and Keyboard Wired USB;Accessory;HP;KM160250206616;;;New;590.00;999.00;;9999-12-31;;In Stock;true;https://wgzfsllyrdxokydsrtxl.supabase.co/storage/v1/object/public/product-images/a24f0333-9056-4c23-893b-8acbc1c57ec1/313b9a4c-fed8-4585-a08c-dcd3f918095e/391dc2b1-f4c5-496c-a578-4f146d4bcb9c.webp;2026-05-12 13:08:36.87602+00;2026-06-04 08:08:55.006593+00;;Months;false;false;false;HP KM160 Wired Mouse and Keyboard Wired USB Standard Multi-device Keyboard Compatible with Desktop, Laptop, Mac (Black);;;84716040;65e35860-b717-4057-bb67-1fd41c39150c;IIS/24-25/0052;2026-05-21;3af5d475-8eaa-4130-a8b5-5253b8f478f8;a24f0333-9056-4c23-893b-8acbc1c57ec1
524caefb-5dde-487f-a09b-79b17cceac8c;a24f0333-9056-4c23-893b-8acbc1c57ec1;Dell 24 Monitor - SE2425HM;Accessory;DELL;8V7PPC4;;;New;8083.00;8699.00;;9999-12-31;;In Stock;false;https://wgzfsllyrdxokydsrtxl.supabase.co/storage/v1/object/public/product-images/a24f0333-9056-4c23-893b-8acbc1c57ec1/0bee176a-0895-4d66-b89a-edd6b12dcd72/fd00c9f6-87dd-45d8-a1bd-83900dc1768d.png,https://wgzfsllyrdxokydsrtxl.supabase.co/storage/v1/object/public/product-images/a24f0333-9056-4c23-893b-8acbc1c57ec1/0bee176a-0895-4d66-b89a-edd6b12dcd72/430af105-b70e-48cf-aca1-0fd0562e68ed.png,https://wgzfsllyrdxokydsrtxl.supabase.co/storage/v1/object/public/product-images/a24f0333-9056-4c23-893b-8acbc1c57ec1/0bee176a-0895-4d66-b89a-edd6b12dcd72/50ade4de-799f-4d92-82c5-f3a60066548d.png;2026-05-04 13:15:33.39195+00;2026-06-04 08:08:55.006593+00;;Months;true;true;false;"Dell SE2425HM 24""/60.96cm FHD Monitor, Ultra-Thin Bezels, 100Hz IPS Panel, 5 ms Response, Contrast 1000:1, Tilt Adjust, HDMI, VGA, Warranty 3 Years, Comfortview Plus, TÜV Rheinland 3-Star Eye Comfort";;"[""High Refresh Rate: 100Hz refresh rate delivers less flicker, more seamless scrolling and smoother motion."",""Wide Viewing Angle: Get consistent views across a wide 178° /178° viewing angle.""]";85285200;65e35860-b717-4057-bb67-1fd41c39150c;IIS/24-25/0052;2026-05-21;3af5d475-8eaa-4130-a8b5-5253b8f478f8;a24f0333-9056-4c23-893b-8acbc1c57ec1
add612ac-10fb-4bc1-b195-b62cdcc4f1b1;a24f0333-9056-4c23-893b-8acbc1c57ec1;Dell 24 Monitor - SE2425HM;Accessory;DELL;CP6PPC4;;;New;8083.00;8699.00;;9999-12-31;;In Stock;true;https://wgzfsllyrdxokydsrtxl.supabase.co/storage/v1/object/public/product-images/a24f0333-9056-4c23-893b-8acbc1c57ec1/0bee176a-0895-4d66-b89a-edd6b12dcd72/fd00c9f6-87dd-45d8-a1bd-83900dc1768d.png,https://wgzfsllyrdxokydsrtxl.supabase.co/storage/v1/object/public/product-images/a24f0333-9056-4c23-893b-8acbc1c57ec1/0bee176a-0895-4d66-b89a-edd6b12dcd72/430af105-b70e-48cf-aca1-0fd0562e68ed.png,https://wgzfsllyrdxokydsrtxl.supabase.co/storage/v1/object/public/product-images/a24f0333-9056-4c23-893b-8acbc1c57ec1/0bee176a-0895-4d66-b89a-edd6b12dcd72/50ade4de-799f-4d92-82c5-f3a60066548d.png;2026-05-04 13:15:33.39195+00;2026-06-04 08:08:55.006593+00;;Months;true;true;false;"Dell SE2425HM 24""/60.96cm FHD Monitor, Ultra-Thin Bezels, 100Hz IPS Panel, 5 ms Response, Contrast 1000:1, Tilt Adjust, HDMI, VGA, Warranty 3 Years, Comfortview Plus, TÜV Rheinland 3-Star Eye Comfort";;"[""High Refresh Rate: 100Hz refresh rate delivers less flicker, more seamless scrolling and smoother motion."",""Wide Viewing Angle: Get consistent views across a wide 178° /178° viewing angle.""]";85285200;65e35860-b717-4057-bb67-1fd41c39150c;IIS/24-25/0052;2026-05-21;3af5d475-8eaa-4130-a8b5-5253b8f478f8;a24f0333-9056-4c23-893b-8acbc1c57ec1
37b87c7e-2b30-427f-aac3-ee1fbb13d2cd;a24f0333-9056-4c23-893b-8acbc1c57ec1;HyperX Cloud Stinger Wired Gaming Headset;Accessory;HyperX;VNH2200ZFB;;;New;3504.00;3999.00;;9999-12-31;;In Stock;true;https://wgzfsllyrdxokydsrtxl.supabase.co/storage/v1/object/public/product-images/a24f0333-9056-4c23-893b-8acbc1c57ec1/b7000401-029c-4133-abf8-3680160b3284/b6a7a854-4c26-4f57-be41-789dc3b3196f.webp,https://wgzfsllyrdxokydsrtxl.supabase.co/storage/v1/object/public/product-images/a24f0333-9056-4c23-893b-8acbc1c57ec1/b7000401-029c-4133-abf8-3680160b3284/fdcb9a2f-a2bd-43b2-8928-ce534ca4225c.webp;2026-05-12 13:58:45.97262+00;2026-06-04 08:08:55.006593+00;;Months;false;false;false;HyperX Cloud Stinger Wired Gaming Headset (Black, On the Ear);;;8515;65e35860-b717-4057-bb67-1fd41c39150c;IIS/24-25/0052;2026-05-21;3af5d475-8eaa-4130-a8b5-5253b8f478f8;a24f0333-9056-4c23-893b-8acbc1c57ec1
8912f880-673e-46fd-b610-9d589f554534;a24f0333-9056-4c23-893b-8acbc1c57ec1;Lenovo 110 Keyboard & Mouse Wired Combo;Accessory;Lenovo;Z15D0KNH;;;New;678.00;799.00;;9999-12-31;;In Stock;true;https://wgzfsllyrdxokydsrtxl.supabase.co/storage/v1/object/public/product-images/a24f0333-9056-4c23-893b-8acbc1c57ec1/f1917061-f1ff-4f41-b72c-7fa6948677f3/57251a3d-5f32-4608-843d-bc2f71f5265f.jpg,https://wgzfsllyrdxokydsrtxl.supabase.co/storage/v1/object/public/product-images/a24f0333-9056-4c23-893b-8acbc1c57ec1/f1917061-f1ff-4f41-b72c-7fa6948677f3/78227c4d-8646-4df9-9fc2-74361fc52bbb.jpg;2026-05-12 12:40:08.720802+00;2026-06-04 08:08:55.006593+00;;Months;false;false;false;"🖥️ Enhance Your Workspace with Reliable Input: Full-size wired keyboard and precision optical mouse combo from Lenovo — perfect for home, office, school and business PCs with USB-A ports.
💧 Durable & Spill-Resistant Design: Keyboard features a waterproof exoskeleton with splash-proof keys to help protect against accidental spills and daily wear.
🖱️ Smooth, Responsive Mouse: High-precision 1600 DPI full-size mouse with a non-slip scroll wheel delivers comfortable, accurate tracking for browsing, work, and casual gaming
✨ Ergonomic & Easy to Use: One-touch Co-Pilot key and adjustable keyboard stand enhance typing comfort, while plug-and-play USB connectivity means no batteries or drivers — just plug in and go
Long-Term Peace of Mind: Backed by a 3-year warranty, this wired combo offers dependable performance and peace of mind for everyday use.";;"[""Waterproof Exoskeleton"",""Splash Proof Keys"","" 1600 DPI Full Size Mouse"",""Non-Slip Scroll Wheel""]";845160;65e35860-b717-4057-bb67-1fd41c39150c;IIS/24-25/0052;2026-05-21;3af5d475-8eaa-4130-a8b5-5253b8f478f8;a24f0333-9056-4c23-893b-8acbc1c57ec1
9a2c5d31-e8a7-40d9-882f-8e96af14905f;a24f0333-9056-4c23-893b-8acbc1c57ec1;HP Series 3 Pro 23.8 inch FHD Monitor;Accessory;HP;1H35451RTC;;;New;9381.00;10499.00;;9999-12-31;;In Stock;false;https://wgzfsllyrdxokydsrtxl.supabase.co/storage/v1/object/public/product-images/a24f0333-9056-4c23-893b-8acbc1c57ec1/72b2f6d4-701e-4ece-b725-d505d566bd41/84e9a486-0911-4672-9dc8-7e63ce6391ac.png,https://wgzfsllyrdxokydsrtxl.supabase.co/storage/v1/object/public/product-images/a24f0333-9056-4c23-893b-8acbc1c57ec1/72b2f6d4-701e-4ece-b725-d505d566bd41/5705cb72-5ea8-4cc8-9d08-d650df90ff80.png,https://wgzfsllyrdxokydsrtxl.supabase.co/storage/v1/object/public/product-images/a24f0333-9056-4c23-893b-8acbc1c57ec1/72b2f6d4-701e-4ece-b725-d505d566bd41/cd45ec01-5a38-4aa8-8333-26300fc8c09e.png;2026-05-04 12:03:58.316046+00;2026-06-04 08:08:55.006593+00;;Months;true;true;false;HP Series 3 Pro 23.8 inch(60.5cm) FHD Monitor, Energy Star Certified, VESA mountable, 3-Sided Borderless,IPS, 100Hz, LCD, Anti-Glare, 5ms Response time, Flicker-Free, 1 HDMI 1.4, Black, 3.77kg, 324pf;;"[""Display size (diagonal): 60.5 cm (23.8\"")"",""Response time (typical): 5ms GtG (with overdrive) "",""Native resolution: FHD (1920 x 1080) "",""Contrast ratio: 3000:1 ""]";65285200;65e35860-b717-4057-bb67-1fd41c39150c;IIS/24-25/0052;2026-05-21;3af5d475-8eaa-4130-a8b5-5253b8f478f8;a24f0333-9056-4c23-893b-8acbc1c57ec1
08949ede-b4f3-4e51-9653-32aabe27430e;a24f0333-9056-4c23-893b-8acbc1c57ec1;Lenovo L27-4C 68.58cms (27) Monitor;Accessory;Lenovo;UR104013;;;New;10700.00;11729.00;;9999-12-31;;In Stock;false;https://wgzfsllyrdxokydsrtxl.supabase.co/storage/v1/object/public/product-images/a24f0333-9056-4c23-893b-8acbc1c57ec1/d6c9f371-78f5-4478-aa4e-373241b86767/66e0c0c7-a0e7-4474-bc9a-5445d25d6dfc.png,https://wgzfsllyrdxokydsrtxl.supabase.co/storage/v1/object/public/product-images/a24f0333-9056-4c23-893b-8acbc1c57ec1/d6c9f371-78f5-4478-aa4e-373241b86767/be8efcf5-a764-46a5-b174-48100272c2ad.png,https://wgzfsllyrdxokydsrtxl.supabase.co/storage/v1/object/public/product-images/a24f0333-9056-4c23-893b-8acbc1c57ec1/d6c9f371-78f5-4478-aa4e-373241b86767/271b754c-c34b-40b7-8fb6-2c3c3af1d324.png;2026-05-04 13:32:57.719469+00;2026-06-04 08:08:55.006593+00;;Months;true;true;false;Lenovo L27-4C| 27 Inch (68.58 cm) Ultraslim Monitor, FHD 1920x1080, IPS, 144Hz, 99% sRGB, 1ms, 2x3W Speakers, Dual HDMI, Display Port, Audio Port, AMD FreeSync,Eyesafe, Bezel-Less, VESA Mount, Grey;;"[""27\"" FHD, 144Hz refresh rate, 99% sRGB, 1,500:1 contrast ratio"",""4ms GTG and 1ms MPRT response time, AMD FreeSync™ support"",""Built-in 2 x 3W audio speakers""]";8528;65e35860-b717-4057-bb67-1fd41c39150c;IIS/24-25/0052;2026-05-21;3af5d475-8eaa-4130-a8b5-5253b8f478f8;a24f0333-9056-4c23-893b-8acbc1c57ec1
89849104-9f9e-4d09-9413-faaa927004f3;a24f0333-9056-4c23-893b-8acbc1c57ec1;Lenovo 110 Keyboard & Mouse Wired Combo;Accessory;Lenovo;Z15D0KP0;;;New;678.00;799.00;;9999-12-31;;In Stock;true;https://wgzfsllyrdxokydsrtxl.supabase.co/storage/v1/object/public/product-images/a24f0333-9056-4c23-893b-8acbc1c57ec1/f1917061-f1ff-4f41-b72c-7fa6948677f3/57251a3d-5f32-4608-843d-bc2f71f5265f.jpg,https://wgzfsllyrdxokydsrtxl.supabase.co/storage/v1/object/public/product-images/a24f0333-9056-4c23-893b-8acbc1c57ec1/f1917061-f1ff-4f41-b72c-7fa6948677f3/78227c4d-8646-4df9-9fc2-74361fc52bbb.jpg;2026-05-12 12:40:08.720802+00;2026-06-04 08:08:55.006593+00;;Months;false;false;false;"🖥️ Enhance Your Workspace with Reliable Input: Full-size wired keyboard and precision optical mouse combo from Lenovo — perfect for home, office, school and business PCs with USB-A ports.
💧 Durable & Spill-Resistant Design: Keyboard features a waterproof exoskeleton with splash-proof keys to help protect against accidental spills and daily wear.
🖱️ Smooth, Responsive Mouse: High-precision 1600 DPI full-size mouse with a non-slip scroll wheel delivers comfortable, accurate tracking for browsing, work, and casual gaming
✨ Ergonomic & Easy to Use: One-touch Co-Pilot key and adjustable keyboard stand enhance typing comfort, while plug-and-play USB connectivity means no batteries or drivers — just plug in and go
Long-Term Peace of Mind: Backed by a 3-year warranty, this wired combo offers dependable performance and peace of mind for everyday use.";;"[""Waterproof Exoskeleton"",""Splash Proof Keys"","" 1600 DPI Full Size Mouse"",""Non-Slip Scroll Wheel""]";845160;65e35860-b717-4057-bb67-1fd41c39150c;IIS/24-25/0052;2026-05-21;3af5d475-8eaa-4130-a8b5-5253b8f478f8;a24f0333-9056-4c23-893b-8acbc1c57ec1
cbdd600e-9ef2-44f8-8af5-d11ca3928a85;a24f0333-9056-4c23-893b-8acbc1c57ec1;DELL KM3322W Wireless Keyboard & Mouse Combo (1000 DPI, Spill Resistant, Black);Accessory;Dell;CN04WJ8PLO3005CNB49CA09;;;New;1145.00;1740.00;;9999-12-31;;In Stock;false;https://wgzfsllyrdxokydsrtxl.supabase.co/storage/v1/object/public/product-images/a24f0333-9056-4c23-893b-8acbc1c57ec1/639cd47d-11b0-412d-98b9-5e6ca26a22f2/1b8eaed3-9e7e-4907-85b6-fab31be08d72.png;2026-05-04 13:46:39.410582+00;2026-06-04 08:08:55.006593+00;;Months;true;true;false;Dell Wireless Keyboard and Mouse - KM3322W, Wireless - 2.4GHz, Optical LED Sensor, Mechanical Scroll, Anti-Fade Plunger Keys, 6 Multimedia Keys, Tilt Leg - Black;;"[""Connectivity: Wireless 2.4GHz"",""Power Source: 2 x AAA Battery"",""Compatible OS: Windows 7, 8, 8.1, 10, 11, macOS, Android, ChromeOS & Linux 6.x""]";8471;65e35860-b717-4057-bb67-1fd41c39150c;IIS/24-25/0052;2026-05-21;3af5d475-8eaa-4130-a8b5-5253b8f478f8;a24f0333-9056-4c23-893b-8acbc1c57ec1
357445da-4006-40ae-a104-911a41eb6d8b;a24f0333-9056-4c23-893b-8acbc1c57ec1;HDMI Cable;Accessory;Live Tech;4;;;New;118.00;199.00;;9999-12-31;;In Stock;true;https://wgzfsllyrdxokydsrtxl.supabase.co/storage/v1/object/public/product-images/a24f0333-9056-4c23-893b-8acbc1c57ec1/90a6bdf9-1bc5-4a1d-aa53-731a198f769f/7d139bc0-d0b3-41cd-bf28-66dc68bccc54.jpg;2026-05-12 14:15:31.909758+00;2026-06-04 08:08:55.006593+00;;Months;false;false;false;;;;85444920;65e35860-b717-4057-bb67-1fd41c39150c;IIS/24-25/0052;2026-05-21;3af5d475-8eaa-4130-a8b5-5253b8f478f8;a24f0333-9056-4c23-893b-8acbc1c57ec1
f1cff62e-87e4-42e1-a1a5-d6049ee6a3b3;a24f0333-9056-4c23-893b-8acbc1c57ec1;HDMI Cable;Accessory;Live Tech;3;;;New;118.00;199.00;;9999-12-31;;In Stock;true;https://wgzfsllyrdxokydsrtxl.supabase.co/storage/v1/object/public/product-images/a24f0333-9056-4c23-893b-8acbc1c57ec1/90a6bdf9-1bc5-4a1d-aa53-731a198f769f/7d139bc0-d0b3-41cd-bf28-66dc68bccc54.jpg;2026-05-12 14:15:31.909758+00;2026-06-04 08:08:55.006593+00;;Months;false;false;false;;;;85444920;65e35860-b717-4057-bb67-1fd41c39150c;IIS/24-25/0052;2026-05-21;3af5d475-8eaa-4130-a8b5-5253b8f478f8;a24f0333-9056-4c23-893b-8acbc1c57ec1
b26e72cc-b7a7-4a87-885a-56a590f9708d;a24f0333-9056-4c23-893b-8acbc1c57ec1;HP KM160 Wired Mouse and Keyboard Wired USB;Accessory;HP;KM160250206620;;;New;590.00;999.00;;9999-12-31;;In Stock;true;https://wgzfsllyrdxokydsrtxl.supabase.co/storage/v1/object/public/product-images/a24f0333-9056-4c23-893b-8acbc1c57ec1/313b9a4c-fed8-4585-a08c-dcd3f918095e/391dc2b1-f4c5-496c-a578-4f146d4bcb9c.webp;2026-05-12 13:08:36.87602+00;2026-06-04 08:08:55.006593+00;;Months;false;false;false;HP KM160 Wired Mouse and Keyboard Wired USB Standard Multi-device Keyboard Compatible with Desktop, Laptop, Mac (Black);;;84716040;65e35860-b717-4057-bb67-1fd41c39150c;IIS/24-25/0052;2026-05-21;3af5d475-8eaa-4130-a8b5-5253b8f478f8;a24f0333-9056-4c23-893b-8acbc1c57ec1
ec9a1f2a-22fb-49ff-9c00-bc9a901a663a;a24f0333-9056-4c23-893b-8acbc1c57ec1;HP KM260 Keyboard Mouse Combo;Accessory;HP;KM260250117266;;;New;826.00;1299.00;;9999-12-31;;In Stock;true;https://wgzfsllyrdxokydsrtxl.supabase.co/storage/v1/object/public/product-images/a24f0333-9056-4c23-893b-8acbc1c57ec1/1dba8022-c2b8-4e03-becc-da2e6e342d6f/b29c556f-ce91-4efe-9114-99ba07b77408.webp;2026-05-12 12:58:01.52051+00;2026-06-04 08:08:55.006593+00;;Months;false;false;false;Keyboard Mouse Combo Wireless Standard Multi-device Keyboard Compatible with Laptop, Desktop (Black);;;84716040;65e35860-b717-4057-bb67-1fd41c39150c;IIS/24-25/0052;2026-05-21;3af5d475-8eaa-4130-a8b5-5253b8f478f8;a24f0333-9056-4c23-893b-8acbc1c57ec1
a0b04b9b-eb9e-4898-90cf-50771a669b44;a24f0333-9056-4c23-893b-8acbc1c57ec1;Lenovo L27-4C 68.58cms (27) Monitor;Accessory;Lenovo;UR104065;;;New;10700.00;11729.00;;9999-12-31;;In Stock;true;https://wgzfsllyrdxokydsrtxl.supabase.co/storage/v1/object/public/product-images/a24f0333-9056-4c23-893b-8acbc1c57ec1/d6c9f371-78f5-4478-aa4e-373241b86767/66e0c0c7-a0e7-4474-bc9a-5445d25d6dfc.png,https://wgzfsllyrdxokydsrtxl.supabase.co/storage/v1/object/public/product-images/a24f0333-9056-4c23-893b-8acbc1c57ec1/d6c9f371-78f5-4478-aa4e-373241b86767/be8efcf5-a764-46a5-b174-48100272c2ad.png,https://wgzfsllyrdxokydsrtxl.supabase.co/storage/v1/object/public/product-images/a24f0333-9056-4c23-893b-8acbc1c57ec1/d6c9f371-78f5-4478-aa4e-373241b86767/271b754c-c34b-40b7-8fb6-2c3c3af1d324.png;2026-05-04 13:32:57.719469+00;2026-06-04 08:08:55.006593+00;;Months;true;true;false;Lenovo L27-4C| 27 Inch (68.58 cm) Ultraslim Monitor, FHD 1920x1080, IPS, 144Hz, 99% sRGB, 1ms, 2x3W Speakers, Dual HDMI, Display Port, Audio Port, AMD FreeSync,Eyesafe, Bezel-Less, VESA Mount, Grey;;"[""27\"" FHD, 144Hz refresh rate, 99% sRGB, 1,500:1 contrast ratio"",""4ms GTG and 1ms MPRT response time, AMD FreeSync™ support"",""Built-in 2 x 3W audio speakers""]";8528;65e35860-b717-4057-bb67-1fd41c39150c;IIS/24-25/0052;2026-05-21;3af5d475-8eaa-4130-a8b5-5253b8f478f8;a24f0333-9056-4c23-893b-8acbc1c57ec1
77c853de-d2db-40ba-8305-bbe88ed84e24;a24f0333-9056-4c23-893b-8acbc1c57ec1;DELL KM3322W Wireless Keyboard & Mouse Combo (1000 DPI, Spill Resistant, Black);Accessory;Dell;CN04WJ8PLO3005CNB49AA09;;;New;1145.00;1740.00;;9999-12-31;;In Stock;false;https://wgzfsllyrdxokydsrtxl.supabase.co/storage/v1/object/public/product-images/a24f0333-9056-4c23-893b-8acbc1c57ec1/639cd47d-11b0-412d-98b9-5e6ca26a22f2/1b8eaed3-9e7e-4907-85b6-fab31be08d72.png;2026-05-04 13:46:39.410582+00;2026-06-04 08:08:55.006593+00;;Months;true;true;false;Dell Wireless Keyboard and Mouse - KM3322W, Wireless - 2.4GHz, Optical LED Sensor, Mechanical Scroll, Anti-Fade Plunger Keys, 6 Multimedia Keys, Tilt Leg - Black;;"[""Connectivity: Wireless 2.4GHz"",""Power Source: 2 x AAA Battery"",""Compatible OS: Windows 7, 8, 8.1, 10, 11, macOS, Android, ChromeOS & Linux 6.x""]";8471;65e35860-b717-4057-bb67-1fd41c39150c;IIS/24-25/0052;2026-05-21;3af5d475-8eaa-4130-a8b5-5253b8f478f8;a24f0333-9056-4c23-893b-8acbc1c57ec1
59cec933-0fc6-43a5-b04f-773c51bb4932;a24f0333-9056-4c23-893b-8acbc1c57ec1;DELL KM3322W Wireless Keyboard & Mouse Combo (1000 DPI, Spill Resistant, Black);Accessory;Dell;CN04WJ8PLO3005CNB498A09;;;New;1145.00;1740.00;;9999-12-31;;In Stock;false;https://wgzfsllyrdxokydsrtxl.supabase.co/storage/v1/object/public/product-images/a24f0333-9056-4c23-893b-8acbc1c57ec1/639cd47d-11b0-412d-98b9-5e6ca26a22f2/1b8eaed3-9e7e-4907-85b6-fab31be08d72.png;2026-05-04 13:46:39.410582+00;2026-06-04 08:08:55.006593+00;;Months;true;true;false;Dell Wireless Keyboard and Mouse - KM3322W, Wireless - 2.4GHz, Optical LED Sensor, Mechanical Scroll, Anti-Fade Plunger Keys, 6 Multimedia Keys, Tilt Leg - Black;;"[""Connectivity: Wireless 2.4GHz"",""Power Source: 2 x AAA Battery"",""Compatible OS: Windows 7, 8, 8.1, 10, 11, macOS, Android, ChromeOS & Linux 6.x""]";8471;65e35860-b717-4057-bb67-1fd41c39150c;IIS/24-25/0052;2026-05-21;3af5d475-8eaa-4130-a8b5-5253b8f478f8;a24f0333-9056-4c23-893b-8acbc1c57ec1
797d77b6-d9b6-42cd-bd81-6e1f4d62298b;a24f0333-9056-4c23-893b-8acbc1c57ec1;DELL KM3322W Wireless Keyboard & Mouse Combo (1000 DPI, Spill Resistant, Black);Accessory;Dell;CN04WJ8PLO3005CNB49BA09;;;New;1145.00;1740.00;;9999-12-31;;In Stock;true;https://wgzfsllyrdxokydsrtxl.supabase.co/storage/v1/object/public/product-images/a24f0333-9056-4c23-893b-8acbc1c57ec1/639cd47d-11b0-412d-98b9-5e6ca26a22f2/1b8eaed3-9e7e-4907-85b6-fab31be08d72.png;2026-05-04 13:46:39.410582+00;2026-06-04 08:08:55.006593+00;;Months;true;true;false;Dell Wireless Keyboard and Mouse - KM3322W, Wireless - 2.4GHz, Optical LED Sensor, Mechanical Scroll, Anti-Fade Plunger Keys, 6 Multimedia Keys, Tilt Leg - Black;;"[""Connectivity: Wireless 2.4GHz"",""Power Source: 2 x AAA Battery"",""Compatible OS: Windows 7, 8, 8.1, 10, 11, macOS, Android, ChromeOS & Linux 6.x""]";8471;65e35860-b717-4057-bb67-1fd41c39150c;IIS/24-25/0052;2026-05-21;3af5d475-8eaa-4130-a8b5-5253b8f478f8;a24f0333-9056-4c23-893b-8acbc1c57ec1
e6f0e4a9-8090-4bca-ba8a-de1504bcff96;a24f0333-9056-4c23-893b-8acbc1c57ec1;Dell 27 Monitor - SE2725HM;Accessory;DELL;G1Y70C4;;;New;9204.00;9999.00;;9999-12-31;;In Stock;true;https://wgzfsllyrdxokydsrtxl.supabase.co/storage/v1/object/public/product-images/a24f0333-9056-4c23-893b-8acbc1c57ec1/958c7257-7e2e-4093-953a-3cd65645f6d0/678ea8e1-603b-4b66-9650-5a7514ecbc64.png,https://wgzfsllyrdxokydsrtxl.supabase.co/storage/v1/object/public/product-images/a24f0333-9056-4c23-893b-8acbc1c57ec1/958c7257-7e2e-4093-953a-3cd65645f6d0/2176072d-aa99-4963-ad6a-55867fe1b558.png,https://wgzfsllyrdxokydsrtxl.supabase.co/storage/v1/object/public/product-images/a24f0333-9056-4c23-893b-8acbc1c57ec1/958c7257-7e2e-4093-953a-3cd65645f6d0/99312f10-3054-4dbe-9993-fc4719e31ec2.png;2026-05-04 13:24:38.354128+00;2026-06-04 08:08:55.006593+00;;Months;true;true;false;"Dell SE2725HM 27""/68.58 cm FHD Monitor, Ultra-Thin Bezels, 100Hz IPS Panel, 5 ms Response, Contrast 1000:1, Tilt Adjust, HDMI, VGA, Warranty 3 Years, Comfortview Plus, TÜV Rheinland 3-Star Eye Comfort";;"[""High Refresh Rate: 100Hz refresh rate delivers less flicker, more seamless scrolling and smoother motion."",""Wide Viewing Angle: Get consistent views across a wide 178° /178° viewing angle."",""Ultra-Thin Bezels: Maximise your viewing experience with thin bezels."",""In-Plane Switching (IPS):See excellent colour accuracy and consistency across wide viewing angles with In-plane Switching (IPS) technology.""]";;65e35860-b717-4057-bb67-1fd41c39150c;IIS/24-25/0052;2026-05-21;3af5d475-8eaa-4130-a8b5-5253b8f478f8;a24f0333-9056-4c23-893b-8acbc1c57ec1
8faa27fe-0c0a-4267-ab9c-7accc6294527;a24f0333-9056-4c23-893b-8acbc1c57ec1;Dell 27 Monitor - SE2725HM;Accessory;DELL;FNY70C4;;;New;9204.00;9999.00;;9999-12-31;;In Stock;false;https://wgzfsllyrdxokydsrtxl.supabase.co/storage/v1/object/public/product-images/a24f0333-9056-4c23-893b-8acbc1c57ec1/958c7257-7e2e-4093-953a-3cd65645f6d0/678ea8e1-603b-4b66-9650-5a7514ecbc64.png,https://wgzfsllyrdxokydsrtxl.supabase.co/storage/v1/object/public/product-images/a24f0333-9056-4c23-893b-8acbc1c57ec1/958c7257-7e2e-4093-953a-3cd65645f6d0/2176072d-aa99-4963-ad6a-55867fe1b558.png,https://wgzfsllyrdxokydsrtxl.supabase.co/storage/v1/object/public/product-images/a24f0333-9056-4c23-893b-8acbc1c57ec1/958c7257-7e2e-4093-953a-3cd65645f6d0/99312f10-3054-4dbe-9993-fc4719e31ec2.png;2026-05-04 13:24:38.354128+00;2026-06-04 08:08:55.006593+00;;Months;true;true;false;"Dell SE2725HM 27""/68.58 cm FHD Monitor, Ultra-Thin Bezels, 100Hz IPS Panel, 5 ms Response, Contrast 1000:1, Tilt Adjust, HDMI, VGA, Warranty 3 Years, Comfortview Plus, TÜV Rheinland 3-Star Eye Comfort";;"[""High Refresh Rate: 100Hz refresh rate delivers less flicker, more seamless scrolling and smoother motion."",""Wide Viewing Angle: Get consistent views across a wide 178° /178° viewing angle."",""Ultra-Thin Bezels: Maximise your viewing experience with thin bezels."",""In-Plane Switching (IPS):See excellent colour accuracy and consistency across wide viewing angles with In-plane Switching (IPS) technology.""]";;65e35860-b717-4057-bb67-1fd41c39150c;IIS/24-25/0052;2026-05-21;3af5d475-8eaa-4130-a8b5-5253b8f478f8;a24f0333-9056-4c23-893b-8acbc1c57ec1
a9c0e87c-93c3-4ef1-8eab-12ea98bc7a4c;a24f0333-9056-4c23-893b-8acbc1c57ec1;HP KM260 Keyboard Mouse Combo;Accessory;HP;KM260250117269;;;New;826.00;1299.00;;9999-12-31;;In Stock;true;https://wgzfsllyrdxokydsrtxl.supabase.co/storage/v1/object/public/product-images/a24f0333-9056-4c23-893b-8acbc1c57ec1/1dba8022-c2b8-4e03-becc-da2e6e342d6f/b29c556f-ce91-4efe-9114-99ba07b77408.webp;2026-05-12 12:58:01.52051+00;2026-06-04 08:08:55.006593+00;;Months;false;false;false;Keyboard Mouse Combo Wireless Standard Multi-device Keyboard Compatible with Laptop, Desktop (Black);;;84716040;65e35860-b717-4057-bb67-1fd41c39150c;IIS/24-25/0052;2026-05-21;3af5d475-8eaa-4130-a8b5-5253b8f478f8;a24f0333-9056-4c23-893b-8acbc1c57ec1
af3a36a3-3ea5-41e3-8d31-62d68c265f91;a24f0333-9056-4c23-893b-8acbc1c57ec1;Lenovo 110 Keyboard & Mouse Wired Combo;Accessory;Lenovo;Z15D0JR1;;;New;678.00;799.00;;9999-12-31;;In Stock;true;https://wgzfsllyrdxokydsrtxl.supabase.co/storage/v1/object/public/product-images/a24f0333-9056-4c23-893b-8acbc1c57ec1/f1917061-f1ff-4f41-b72c-7fa6948677f3/57251a3d-5f32-4608-843d-bc2f71f5265f.jpg,https://wgzfsllyrdxokydsrtxl.supabase.co/storage/v1/object/public/product-images/a24f0333-9056-4c23-893b-8acbc1c57ec1/f1917061-f1ff-4f41-b72c-7fa6948677f3/78227c4d-8646-4df9-9fc2-74361fc52bbb.jpg;2026-05-12 12:40:08.720802+00;2026-06-04 08:08:55.006593+00;;Months;false;false;false;"🖥️ Enhance Your Workspace with Reliable Input: Full-size wired keyboard and precision optical mouse combo from Lenovo — perfect for home, office, school and business PCs with USB-A ports.
💧 Durable & Spill-Resistant Design: Keyboard features a waterproof exoskeleton with splash-proof keys to help protect against accidental spills and daily wear.
🖱️ Smooth, Responsive Mouse: High-precision 1600 DPI full-size mouse with a non-slip scroll wheel delivers comfortable, accurate tracking for browsing, work, and casual gaming
✨ Ergonomic & Easy to Use: One-touch Co-Pilot key and adjustable keyboard stand enhance typing comfort, while plug-and-play USB connectivity means no batteries or drivers — just plug in and go
Long-Term Peace of Mind: Backed by a 3-year warranty, this wired combo offers dependable performance and peace of mind for everyday use.";;"[""Waterproof Exoskeleton"",""Splash Proof Keys"","" 1600 DPI Full Size Mouse"",""Non-Slip Scroll Wheel""]";845160;65e35860-b717-4057-bb67-1fd41c39150c;IIS/24-25/0052;2026-05-21;3af5d475-8eaa-4130-a8b5-5253b8f478f8;a24f0333-9056-4c23-893b-8acbc1c57ec1
a17bbb20-aa28-4ebf-ae3d-568e64b5f56e;a24f0333-9056-4c23-893b-8acbc1c57ec1;HyperX Cloud Mini – Wireless Headset;Accessory;HyperX;C1W4292V04;;;New;2773.00;3299.00;;9999-12-31;;In Stock;true;https://wgzfsllyrdxokydsrtxl.supabase.co/storage/v1/object/public/product-images/a24f0333-9056-4c23-893b-8acbc1c57ec1/31a8fcb3-cb81-4e25-8140-c2c801c7b877/2190920b-0b97-4912-b3fa-0dec3663f695.jpg,https://wgzfsllyrdxokydsrtxl.supabase.co/storage/v1/object/public/product-images/a24f0333-9056-4c23-893b-8acbc1c57ec1/31a8fcb3-cb81-4e25-8140-c2c801c7b877/965917c5-929d-4ee8-a7af-c2578d1d0c8a.jpg,https://wgzfsllyrdxokydsrtxl.supabase.co/storage/v1/object/public/product-images/a24f0333-9056-4c23-893b-8acbc1c57ec1/31a8fcb3-cb81-4e25-8140-c2c801c7b877/79bd8ff1-fb2f-41ab-8ece-38ff7741efaf.jpg;2026-05-12 13:53:35.678244+00;2026-06-04 08:08:55.006593+00;;Months;false;false;false;HyperX Cloud Mini – Wireless Headset,Compatible with PC,Chromebook,Nintendo Switch,PlayStation Controllers,Xbox Controllers,Phones, Laptops,Tablets,Volume Below 85dB,Immersive Sound,White;;;8515;65e35860-b717-4057-bb67-1fd41c39150c;IIS/24-25/0052;2026-05-21;3af5d475-8eaa-4130-a8b5-5253b8f478f8;a24f0333-9056-4c23-893b-8acbc1c57ec1
592d8e1e-9150-45be-9dc9-f21c39194bf4;a24f0333-9056-4c23-893b-8acbc1c57ec1;Rapoo VH310 Wired USB Gaming Headphone;Accessory;Rapoo;4343VH310A0725;;;New;2478.00;2999.00;;9999-12-31;;In Stock;true;https://wgzfsllyrdxokydsrtxl.supabase.co/storage/v1/object/public/product-images/a24f0333-9056-4c23-893b-8acbc1c57ec1/090bbfa6-2a1a-48c5-864d-65837b9acfa1/294a52c5-2215-463b-a079-f303a7b2f4a4.jpg,https://wgzfsllyrdxokydsrtxl.supabase.co/storage/v1/object/public/product-images/a24f0333-9056-4c23-893b-8acbc1c57ec1/090bbfa6-2a1a-48c5-864d-65837b9acfa1/ac601738-c7cf-48ba-afea-2fd6ac85f053.jpg,https://wgzfsllyrdxokydsrtxl.supabase.co/storage/v1/object/public/product-images/a24f0333-9056-4c23-893b-8acbc1c57ec1/090bbfa6-2a1a-48c5-864d-65837b9acfa1/a9440f67-3f80-4a98-b018-0cc06718f2bd.jpg;2026-05-12 14:03:49.980111+00;2026-06-04 08:08:55.006593+00;;Months;false;false;false;Rapoo VH310 Wired USB Gaming Headphone |Cool RGB LED Backlit | Virtual 7.1 Channel Output |50mm Highend Sound Drivers |ENC Microphone & Adjustable Rotation |Ove-Ear Design |2 Yrs Warranty |Black;;;8515;65e35860-b717-4057-bb67-1fd41c39150c;IIS/24-25/0052;2026-05-21;3af5d475-8eaa-4130-a8b5-5253b8f478f8;a24f0333-9056-4c23-893b-8acbc1c57ec1
b55c2bcf-54f5-4448-9ba2-1978d4023d08;a24f0333-9056-4c23-893b-8acbc1c57ec1;Lenovo 110 Keyboard & Mouse Wired Combo;Accessory;Lenovo;Z15D0LGB;;;New;678.00;799.00;;9999-12-31;;In Stock;true;https://wgzfsllyrdxokydsrtxl.supabase.co/storage/v1/object/public/product-images/a24f0333-9056-4c23-893b-8acbc1c57ec1/f1917061-f1ff-4f41-b72c-7fa6948677f3/57251a3d-5f32-4608-843d-bc2f71f5265f.jpg,https://wgzfsllyrdxokydsrtxl.supabase.co/storage/v1/object/public/product-images/a24f0333-9056-4c23-893b-8acbc1c57ec1/f1917061-f1ff-4f41-b72c-7fa6948677f3/78227c4d-8646-4df9-9fc2-74361fc52bbb.jpg;2026-05-12 12:40:08.720802+00;2026-06-04 08:08:55.006593+00;;Months;true;true;false;"🖥️ Enhance Your Workspace with Reliable Input: Full-size wired keyboard and precision optical mouse combo from Lenovo — perfect for home, office, school and business PCs with USB-A ports.
💧 Durable & Spill-Resistant Design: Keyboard features a waterproof exoskeleton with splash-proof keys to help protect against accidental spills and daily wear.
🖱️ Smooth, Responsive Mouse: High-precision 1600 DPI full-size mouse with a non-slip scroll wheel delivers comfortable, accurate tracking for browsing, work, and casual gaming
✨ Ergonomic & Easy to Use: One-touch Co-Pilot key and adjustable keyboard stand enhance typing comfort, while plug-and-play USB connectivity means no batteries or drivers — just plug in and go
Long-Term Peace of Mind: Backed by a 3-year warranty, this wired combo offers dependable performance and peace of mind for everyday use.";;"[""Waterproof Exoskeleton"",""Splash Proof Keys"","" 1600 DPI Full Size Mouse"",""Non-Slip Scroll Wheel""]";845160;65e35860-b717-4057-bb67-1fd41c39150c;IIS/24-25/0052;2026-05-21;3af5d475-8eaa-4130-a8b5-5253b8f478f8;a24f0333-9056-4c23-893b-8acbc1c57ec1
0184333a-0af2-482d-8883-9f36d7ffc040;a24f0333-9056-4c23-893b-8acbc1c57ec1;HP KM260 Keyboard Mouse Combo;Accessory;HP;KM260250117268;;;New;826.00;1299.00;;9999-12-31;;Sold;false;https://wgzfsllyrdxokydsrtxl.supabase.co/storage/v1/object/public/product-images/a24f0333-9056-4c23-893b-8acbc1c57ec1/1dba8022-c2b8-4e03-becc-da2e6e342d6f/b29c556f-ce91-4efe-9114-99ba07b77408.webp;2026-05-12 12:58:01.52051+00;2026-06-06 14:24:24.74717+00;;Months;false;false;false;Keyboard Mouse Combo Wireless Standard Multi-device Keyboard Compatible with Laptop, Desktop (Black);;;84716040;65e35860-b717-4057-bb67-1fd41c39150c;IIS/24-25/0052;2026-05-21;3af5d475-8eaa-4130-a8b5-5253b8f478f8;a24f0333-9056-4c23-893b-8acbc1c57ec1
feb54eee-1dff-4394-82c2-05d8d46798a3;a24f0333-9056-4c23-893b-8acbc1c57ec1;Lenovo 210 2.4GHz Wireless USB Keyboard and Mouse Combo;Accessory;Lenovo;Z15D0HYA;;;New;826.00;1199.00;;9999-12-31;;In Stock;true;https://wgzfsllyrdxokydsrtxl.supabase.co/storage/v1/object/public/product-images/a24f0333-9056-4c23-893b-8acbc1c57ec1/eaad2a16-506f-4b08-a77f-dbf8959faa1b/59f6a30d-54cc-4b2b-9256-988a143f5211.jpg,https://wgzfsllyrdxokydsrtxl.supabase.co/storage/v1/object/public/product-images/a24f0333-9056-4c23-893b-8acbc1c57ec1/eaad2a16-506f-4b08-a77f-dbf8959faa1b/24a15898-1fc6-4772-ae01-2d26f31ebf2d.jpg;2026-05-12 12:51:27.744033+00;2026-06-04 08:08:55.006593+00;;Months;false;false;false;"Reliable 2.4 GHz Wireless Connectivity: Enjoy a stable plug-and-play wireless experience via USB-A nano receiver — no drivers or Bluetooth setup needed, perfect for laptops and desktops.
Comfortable, Full-Size Keyboard: Full-size layout with responsive low-profile keys provides comfortable and accurate typing for work, study, and everyday use.
Precision Optical Mouse: Ergonomic wireless mouse with precise optical tracking and 1600 DPI sensor ensures smooth cursor control across most surfaces.
Durable & Spill-Resistant Design: Built with a splash-proof keyboard and robust construction that withstands everyday wear and tear.
All-Day Productivity & Long Battery Life: Lightweight set with long-lasting battery performance lets you stay focused on your tasks without frequent replacements.";;"[""Splash Proof Keys"",""1600 DPI Full Size Mouse"",""One-Touch Co-Pilot Key"",""Adjustable Keyboard Stand""]";847160;65e35860-b717-4057-bb67-1fd41c39150c;IIS/24-25/0052;2026-05-21;3af5d475-8eaa-4130-a8b5-5253b8f478f8;a24f0333-9056-4c23-893b-8acbc1c57ec1
2a3f71d7-7c1e-44bb-b980-64236f322618;a24f0333-9056-4c23-893b-8acbc1c57ec1;HP KM260 Keyboard Mouse Combo;Accessory;HP;KM260250117267;;;New;826.00;1299.00;;9999-12-31;;In Stock;true;https://wgzfsllyrdxokydsrtxl.supabase.co/storage/v1/object/public/product-images/a24f0333-9056-4c23-893b-8acbc1c57ec1/1dba8022-c2b8-4e03-becc-da2e6e342d6f/b29c556f-ce91-4efe-9114-99ba07b77408.webp;2026-05-12 12:58:01.52051+00;2026-06-04 08:08:55.006593+00;;Months;false;false;false;Keyboard Mouse Combo Wireless Standard Multi-device Keyboard Compatible with Laptop, Desktop (Black);;;84716040;65e35860-b717-4057-bb67-1fd41c39150c;IIS/24-25/0052;2026-05-21;3af5d475-8eaa-4130-a8b5-5253b8f478f8;a24f0333-9056-4c23-893b-8acbc1c57ec1
ac57848d-ab9c-4977-bcc0-53f245844060;a24f0333-9056-4c23-893b-8acbc1c57ec1;Dell WM118 Wireless Mouse;Accessory;Dell;CN-0TGP8R-L0300-5CD-045R-A02;;;New;496.00;599.00;;9999-12-31;;In Stock;true;https://wgzfsllyrdxokydsrtxl.supabase.co/storage/v1/object/public/product-images/a24f0333-9056-4c23-893b-8acbc1c57ec1/b3c97626-194c-4686-8b24-d799a2b43089/3e49fe55-64c4-49d8-ab69-865c04b28f6d.jpg,https://wgzfsllyrdxokydsrtxl.supabase.co/storage/v1/object/public/product-images/a24f0333-9056-4c23-893b-8acbc1c57ec1/b3c97626-194c-4686-8b24-d799a2b43089/15cbbc40-f400-4348-934c-40210788042a.jpg;2026-05-12 13:46:37.074182+00;2026-06-04 08:08:55.006593+00;;Months;false;false;false;"TYPE - Wireless optical mouse with 1000 DPI precision
CONNECTIVITY - 2.4GHz wireless with USB nano receiver, plug‑and‑play for instant setup
VISUAL EXPERIENCE – Experience smooth cursor movement and precise tracking with 1600 DPI optical sensor, enhancing productivity on any screen.";;;84716060;65e35860-b717-4057-bb67-1fd41c39150c;IIS/24-25/0052;2026-05-21;3af5d475-8eaa-4130-a8b5-5253b8f478f8;a24f0333-9056-4c23-893b-8acbc1c57ec1
a8647543-b63d-4813-82f7-17955afe0bb8;a24f0333-9056-4c23-893b-8acbc1c57ec1;HDMI Cable;Accessory;Live Tech;1;;;New;118.00;199.00;;9999-12-31;;In Stock;true;https://wgzfsllyrdxokydsrtxl.supabase.co/storage/v1/object/public/product-images/a24f0333-9056-4c23-893b-8acbc1c57ec1/90a6bdf9-1bc5-4a1d-aa53-731a198f769f/7d139bc0-d0b3-41cd-bf28-66dc68bccc54.jpg;2026-05-12 14:15:31.909758+00;2026-06-04 08:08:55.006593+00;;Months;false;false;false;;;;85444920;65e35860-b717-4057-bb67-1fd41c39150c;IIS/24-25/0052;2026-05-21;3af5d475-8eaa-4130-a8b5-5253b8f478f8;a24f0333-9056-4c23-893b-8acbc1c57ec1
c9425cad-dd3b-4df9-b5d0-a9d147091656;a24f0333-9056-4c23-893b-8acbc1c57ec1;HP H200 Wireless Headset;Accessory;HP;H200240807537;;;New;973.00;1299.00;;9999-12-31;;Sold;false;https://wgzfsllyrdxokydsrtxl.supabase.co/storage/v1/object/public/product-images/a24f0333-9056-4c23-893b-8acbc1c57ec1/55bec94a-4658-4c3c-bd2d-87a4e9182ada/675444fd-a495-4967-bdcf-8e9d492bf35d.jpg,https://wgzfsllyrdxokydsrtxl.supabase.co/storage/v1/object/public/product-images/a24f0333-9056-4c23-893b-8acbc1c57ec1/55bec94a-4658-4c3c-bd2d-87a4e9182ada/c5b666b1-c757-4217-be70-b46d9ac0c2b7.jpg;2026-05-12 13:34:55.725697+00;2026-06-04 08:08:55.006593+00;;Months;false;false;false;HP H200 Wireless Headset;;;85183019;65e35860-b717-4057-bb67-1fd41c39150c;IIS/24-25/0052;2026-05-21;3af5d475-8eaa-4130-a8b5-5253b8f478f8;a24f0333-9056-4c23-893b-8acbc1c57ec1
4cc2c835-4c5b-4ffe-8bec-d3248c6e4775;a24f0333-9056-4c23-893b-8acbc1c57ec1;Lenovo 210 2.4GHz Wireless USB Keyboard and Mouse Combo;Accessory;Lenovo;Z15D0HWP;;;New;826.00;1199.00;;9999-12-31;;In Stock;true;https://wgzfsllyrdxokydsrtxl.supabase.co/storage/v1/object/public/product-images/a24f0333-9056-4c23-893b-8acbc1c57ec1/eaad2a16-506f-4b08-a77f-dbf8959faa1b/59f6a30d-54cc-4b2b-9256-988a143f5211.jpg,https://wgzfsllyrdxokydsrtxl.supabase.co/storage/v1/object/public/product-images/a24f0333-9056-4c23-893b-8acbc1c57ec1/eaad2a16-506f-4b08-a77f-dbf8959faa1b/24a15898-1fc6-4772-ae01-2d26f31ebf2d.jpg;2026-05-12 12:51:27.744033+00;2026-06-04 08:08:55.006593+00;;Months;false;false;false;"Reliable 2.4 GHz Wireless Connectivity: Enjoy a stable plug-and-play wireless experience via USB-A nano receiver — no drivers or Bluetooth setup needed, perfect for laptops and desktops.
Comfortable, Full-Size Keyboard: Full-size layout with responsive low-profile keys provides comfortable and accurate typing for work, study, and everyday use.
Precision Optical Mouse: Ergonomic wireless mouse with precise optical tracking and 1600 DPI sensor ensures smooth cursor control across most surfaces.
Durable & Spill-Resistant Design: Built with a splash-proof keyboard and robust construction that withstands everyday wear and tear.
All-Day Productivity & Long Battery Life: Lightweight set with long-lasting battery performance lets you stay focused on your tasks without frequent replacements.";;"[""Splash Proof Keys"",""1600 DPI Full Size Mouse"",""One-Touch Co-Pilot Key"",""Adjustable Keyboard Stand""]";847160;65e35860-b717-4057-bb67-1fd41c39150c;IIS/24-25/0052;2026-05-21;3af5d475-8eaa-4130-a8b5-5253b8f478f8;a24f0333-9056-4c23-893b-8acbc1c57ec1
cfde1c80-eebc-4b8f-928e-733e1d229367;a24f0333-9056-4c23-893b-8acbc1c57ec1;HP S500 WIRELESS MOUSE;Accessory;HP;7CH552GHC0;;;New;496.00;649.00;;9999-12-31;;Sold;false;https://wgzfsllyrdxokydsrtxl.supabase.co/storage/v1/object/public/product-images/a24f0333-9056-4c23-893b-8acbc1c57ec1/d07b129c-4ccb-44ef-8a55-855268df136c/81694550-721a-4c0b-8dfa-9e4dc2e19372.webp,https://wgzfsllyrdxokydsrtxl.supabase.co/storage/v1/object/public/product-images/a24f0333-9056-4c23-893b-8acbc1c57ec1/d07b129c-4ccb-44ef-8a55-855268df136c/30cea3cb-e693-4904-a80b-179f1333b319.webp;2026-05-12 13:29:47.780528+00;2026-06-23 07:14:22.387026+00;;Months;false;false;false;HP S500 WIRELESS MOUSE Ambidextrous Optical Mouse;;;84716060;65e35860-b717-4057-bb67-1fd41c39150c;IIS/24-25/0052;2026-05-21;3af5d475-8eaa-4130-a8b5-5253b8f478f8;a24f0333-9056-4c23-893b-8acbc1c57ec1
675e9077-aab9-4333-88a7-c2aab15a25c6;a24f0333-9056-4c23-893b-8acbc1c57ec1;HP H200 Wireless Headset;Accessory;HP;H200240807548;;;New;973.00;1299.00;;9999-12-31;;Sold;false;https://wgzfsllyrdxokydsrtxl.supabase.co/storage/v1/object/public/product-images/a24f0333-9056-4c23-893b-8acbc1c57ec1/55bec94a-4658-4c3c-bd2d-87a4e9182ada/675444fd-a495-4967-bdcf-8e9d492bf35d.jpg,https://wgzfsllyrdxokydsrtxl.supabase.co/storage/v1/object/public/product-images/a24f0333-9056-4c23-893b-8acbc1c57ec1/55bec94a-4658-4c3c-bd2d-87a4e9182ada/c5b666b1-c757-4217-be70-b46d9ac0c2b7.jpg;2026-05-12 13:34:55.725697+00;2026-07-08 15:36:53.947018+00;;Months;false;false;false;HP H200 Wireless Headset;;;85183019;65e35860-b717-4057-bb67-1fd41c39150c;IIS/24-25/0052;2026-05-21;3af5d475-8eaa-4130-a8b5-5253b8f478f8;a24f0333-9056-4c23-893b-8acbc1c57ec1
387e402c-e44d-489e-98b4-a9996d11cf4c;a24f0333-9056-4c23-893b-8acbc1c57ec1;Lenovo 210 2.4GHz Wireless USB Keyboard and Mouse Combo;Accessory;Lenovo;Z15D0HW8;;;New;826.00;1199.00;;9999-12-31;;In Stock;true;https://wgzfsllyrdxokydsrtxl.supabase.co/storage/v1/object/public/product-images/a24f0333-9056-4c23-893b-8acbc1c57ec1/eaad2a16-506f-4b08-a77f-dbf8959faa1b/59f6a30d-54cc-4b2b-9256-988a143f5211.jpg,https://wgzfsllyrdxokydsrtxl.supabase.co/storage/v1/object/public/product-images/a24f0333-9056-4c23-893b-8acbc1c57ec1/eaad2a16-506f-4b08-a77f-dbf8959faa1b/24a15898-1fc6-4772-ae01-2d26f31ebf2d.jpg;2026-05-12 12:51:27.744033+00;2026-06-04 08:08:55.006593+00;;Months;false;false;false;"Reliable 2.4 GHz Wireless Connectivity: Enjoy a stable plug-and-play wireless experience via USB-A nano receiver — no drivers or Bluetooth setup needed, perfect for laptops and desktops.
Comfortable, Full-Size Keyboard: Full-size layout with responsive low-profile keys provides comfortable and accurate typing for work, study, and everyday use.
Precision Optical Mouse: Ergonomic wireless mouse with precise optical tracking and 1600 DPI sensor ensures smooth cursor control across most surfaces.
Durable & Spill-Resistant Design: Built with a splash-proof keyboard and robust construction that withstands everyday wear and tear.
All-Day Productivity & Long Battery Life: Lightweight set with long-lasting battery performance lets you stay focused on your tasks without frequent replacements.";;"[""Splash Proof Keys"",""1600 DPI Full Size Mouse"",""One-Touch Co-Pilot Key"",""Adjustable Keyboard Stand""]";847160;65e35860-b717-4057-bb67-1fd41c39150c;IIS/24-25/0052;2026-05-21;3af5d475-8eaa-4130-a8b5-5253b8f478f8;a24f0333-9056-4c23-893b-8acbc1c57ec1
fa1d4240-a907-4a06-8ccd-84bb3ae71f04;a24f0333-9056-4c23-893b-8acbc1c57ec1;Lenovo 210 2.4GHz Wireless USB Keyboard and Mouse Combo;Accessory;Lenovo;Z15D0HWM;;;New;826.00;1199.00;;9999-12-31;;In Stock;true;https://wgzfsllyrdxokydsrtxl.supabase.co/storage/v1/object/public/product-images/a24f0333-9056-4c23-893b-8acbc1c57ec1/eaad2a16-506f-4b08-a77f-dbf8959faa1b/59f6a30d-54cc-4b2b-9256-988a143f5211.jpg,https://wgzfsllyrdxokydsrtxl.supabase.co/storage/v1/object/public/product-images/a24f0333-9056-4c23-893b-8acbc1c57ec1/eaad2a16-506f-4b08-a77f-dbf8959faa1b/24a15898-1fc6-4772-ae01-2d26f31ebf2d.jpg;2026-05-12 12:51:27.744033+00;2026-06-04 08:08:55.006593+00;;Months;false;false;false;"Reliable 2.4 GHz Wireless Connectivity: Enjoy a stable plug-and-play wireless experience via USB-A nano receiver — no drivers or Bluetooth setup needed, perfect for laptops and desktops.
Comfortable, Full-Size Keyboard: Full-size layout with responsive low-profile keys provides comfortable and accurate typing for work, study, and everyday use.
Precision Optical Mouse: Ergonomic wireless mouse with precise optical tracking and 1600 DPI sensor ensures smooth cursor control across most surfaces.
Durable & Spill-Resistant Design: Built with a splash-proof keyboard and robust construction that withstands everyday wear and tear.
All-Day Productivity & Long Battery Life: Lightweight set with long-lasting battery performance lets you stay focused on your tasks without frequent replacements.";;"[""Splash Proof Keys"",""1600 DPI Full Size Mouse"",""One-Touch Co-Pilot Key"",""Adjustable Keyboard Stand""]";847160;65e35860-b717-4057-bb67-1fd41c39150c;IIS/24-25/0052;2026-05-21;3af5d475-8eaa-4130-a8b5-5253b8f478f8;a24f0333-9056-4c23-893b-8acbc1c57ec1
0663f142-b83d-45f8-b9d1-d5af7b0b6ce8;a24f0333-9056-4c23-893b-8acbc1c57ec1;Lenovo 210 2.4GHz Wireless USB Keyboard and Mouse Combo;Accessory;Lenovo;Z15D0JHR;;;New;826.00;1199.00;;9999-12-31;;Sold;false;https://wgzfsllyrdxokydsrtxl.supabase.co/storage/v1/object/public/product-images/a24f0333-9056-4c23-893b-8acbc1c57ec1/eaad2a16-506f-4b08-a77f-dbf8959faa1b/59f6a30d-54cc-4b2b-9256-988a143f5211.jpg,https://wgzfsllyrdxokydsrtxl.supabase.co/storage/v1/object/public/product-images/a24f0333-9056-4c23-893b-8acbc1c57ec1/eaad2a16-506f-4b08-a77f-dbf8959faa1b/24a15898-1fc6-4772-ae01-2d26f31ebf2d.jpg;2026-05-12 12:51:27.744033+00;2026-07-01 12:23:27.884979+00;;Months;false;false;false;"Reliable 2.4 GHz Wireless Connectivity: Enjoy a stable plug-and-play wireless experience via USB-A nano receiver — no drivers or Bluetooth setup needed, perfect for laptops and desktops.
Comfortable, Full-Size Keyboard: Full-size layout with responsive low-profile keys provides comfortable and accurate typing for work, study, and everyday use.
Precision Optical Mouse: Ergonomic wireless mouse with precise optical tracking and 1600 DPI sensor ensures smooth cursor control across most surfaces.
Durable & Spill-Resistant Design: Built with a splash-proof keyboard and robust construction that withstands everyday wear and tear.
All-Day Productivity & Long Battery Life: Lightweight set with long-lasting battery performance lets you stay focused on your tasks without frequent replacements.";;"[""Splash Proof Keys"",""1600 DPI Full Size Mouse"",""One-Touch Co-Pilot Key"",""Adjustable Keyboard Stand""]";847160;65e35860-b717-4057-bb67-1fd41c39150c;IIS/24-25/0052;2026-05-21;3af5d475-8eaa-4130-a8b5-5253b8f478f8;a24f0333-9056-4c23-893b-8acbc1c57ec1