id;user_id;name;contact_phone;contact_email;gstin;address;notes;created_at;updated_at;tenant_id;created_by
bd81829d-c727-4d37-b8d9-f843e6a0fcf5;a24f0333-9056-4c23-893b-8acbc1c57ec1;JAYSHREE TECHNOLOGIES;9035815188;jayshreetechnologies@gmail.com;29bfcpj7343k1z4;"#19,2nd Floor,
Near Sri Dharamaraya Swamy Temple,
Nagarthpet Main Road,Bengaluru - 560002";;2026-04-24 13:14:10.103448+00;2026-04-24 13:14:10.103448+00;3af5d475-8eaa-4130-a8b5-5253b8f478f8;a24f0333-9056-4c23-893b-8acbc1c57ec1
ca35448d-df62-4e9c-a736-aa5f7792966c;a24f0333-9056-4c23-893b-8acbc1c57ec1;Thyagaraja RY;9060040040;;;;;2026-04-28 11:28:27.138321+00;2026-04-28 11:28:27.138321+00;3af5d475-8eaa-4130-a8b5-5253b8f478f8;a24f0333-9056-4c23-893b-8acbc1c57ec1
65e35860-b717-4057-bb67-1fd41c39150c;a24f0333-9056-4c23-893b-8acbc1c57ec1;INFINITY IT SOLUTIONS;8050043900;Infinity2itsolution@gmail.Com;29ERXPS3880J1ZI;"#99, 1ST FLOOR , CHOWDESHWARI COMPLEX
BEHIND SHARADHA TALKIES
S P ROAD BANGALORE";;2026-04-28 13:12:07.376797+00;2026-04-28 13:12:07.376797+00;3af5d475-8eaa-4130-a8b5-5253b8f478f8;a24f0333-9056-4c23-893b-8acbc1c57ec1
58e5b5e4-a6ee-4294-bc63-7a629f76ae71;a24f0333-9056-4c23-893b-8acbc1c57ec1;Systech IT Solutions;9738117936;;29aarcs1741c1z9;NO 23/1 1ST FLOOR 1ST CROSS, NEAR POORNIMA THEATRE J C ROAD Karnataka;;2026-05-12 14:54:03.005373+00;2026-05-12 14:54:03.005373+00;3af5d475-8eaa-4130-a8b5-5253b8f478f8;a24f0333-9056-4c23-893b-8acbc1c57ec1
19b12fc0-f9bc-4959-9de7-3fb694a10b31;a24f0333-9056-4c23-893b-8acbc1c57ec1;PAVAN COMPUTER AND LAPTOP;75689 88258;PAVANCOMPUTERANDLAPTOP@GMAIL.COM;29GKXPS5687G1ZS;NO.1 SHOP NO 1, 1ST CROSS, ASHTAPAD D SCURE, OTC ROAD, BANGALORE - 560002;;2026-05-16 08:22:31.7144+00;2026-05-16 08:22:31.7144+00;3af5d475-8eaa-4130-a8b5-5253b8f478f8;a24f0333-9056-4c23-893b-8acbc1c57ec1
44b55c8e-5d38-4c05-bfb1-fe5085efdca3;a24f0333-9056-4c23-893b-8acbc1c57ec1;Ashram Computer Consultancy Pvt Ltd;;manoj.ashram@gmail.com;29AAECA2212R1ZH;"# 32 & 33, Ground Floor,
S.P.A Plaza,
O. T.C Road,
Bangalore-560002";;2026-05-26 08:10:55.472399+00;2026-05-26 08:10:55.472399+00;3af5d475-8eaa-4130-a8b5-5253b8f478f8;a24f0333-9056-4c23-893b-8acbc1c57ec1
133cf986-4f4f-47b9-a013-7d89da83cb58;a24f0333-9056-4c23-893b-8acbc1c57ec1;My Choice IT Hub;8050452832;mychoiceithub@gmail.com;29EFHPD8073Q1ZL;No. 1/1 ground floor chamundeshwari Complex SP Road Bangalore 560002;;2026-06-04 14:49:27.981462+00;2026-06-04 14:49:27.981462+00;3af5d475-8eaa-4130-a8b5-5253b8f478f8;a24f0333-9056-4c23-893b-8acbc1c57ec1
a222aa83-9ba5-4c75-87ad-17af8284118c;a24f0333-9056-4c23-893b-8acbc1c57ec1;AARYA ENTERPRISES;9980197390;aaryaenterrprisesbng@gmail.com;29FBSPD0980E1ZE;"NO 1091, SHOP NO T-8, 3RD FLOOR
AARYA
ENTERPROE
SRNG SAMPANNAPPA CHARITIES
DIAMOND JUBILEE COMPLEX
OTC ROAD BANGALORE-560002";;2026-06-23 07:56:37.426658+00;2026-06-23 07:56:37.426658+00;3af5d475-8eaa-4130-a8b5-5253b8f478f8;a24f0333-9056-4c23-893b-8acbc1c57ec1
4f39516e-b4cf-43af-957d-2f609ee48351;a24f0333-9056-4c23-893b-8acbc1c57ec1;Ayushi Computers;9886006529;computersayushi@gmail.com;29aayfa2369q1zb;"#1/1, Gr Floor, Sharda Talkies Compound
OTC Road, Opp ICICI Bank
Bangalore-560 002";;2026-07-23 09:51:25.958627+00;2026-07-23 09:51:25.958627+00;3af5d475-8eaa-4130-a8b5-5253b8f478f8;a24f0333-9056-4c23-893b-8acbc1c57ec1